X,Y,geo_x_MTM,geo_y_MTM,geo_spatialRef_wkid,Facility_Group,BN,BN_FR,ADDRESS,ADDRESS_FR,Open_Seasonally,Season_Start_Date,Season_End_Date,Open_Hours_Sunday,Closed_Hours_Sunday,Special_Hours_Sunday,Open_Hours_Monday,Closed_Hours_Monday,Special_Hours_Monday,Open_Hours_Tuesday,Closed_Hours_Tuesday,Special_Hours_Tuesday,Open_Hours_Wednesday,Closed_Hours_Wednesday,Special_Hours_Wednesday,Open_Hours_Thursday,Closed_Hours_Thursday,Special_Hours_Thursday,Open_Hours_Friday,Closed_Hours_Friday,Special_Hours_Friday,Open_Hours_Saturday,Closed_Hours_Saturday,Special_Hours_Saturday,Phone_number_to_report_issues,X_COORDINATE,Y_COORDINATE,JURISDICTION,interior,seasonal,FID
-75.8862609863281,45.2954444885254,-8447620,5668154,102100,ARTS AND CULTURE,Ottawa Public Library Hazeldean Branch,BibliothŠque publique d'Ottawa Succursale Hazeldean,50 CASTLEFRANK RD,50 CH CASTLEFRANK,Open Year Round/Ouvert toute l?ann‚e,Not Applicable/Non applicable,Not Applicable/Non applicable,12/31/1899 1:00:00 PM,12/31/1899 5:00:00 PM,Closed early June to early September,12/31/1899 10:00:00 AM,12/31/1899 8:30:00 PM,Not Applicable/Non applicable,12/31/1899 10:00:00 AM,12/31/1899 8:30:00 PM,Not Applicable/Non applicable,12/31/1899 10:00:00 AM,12/31/1899 8:30:00 PM,Not Applicable/Non applicable,12/31/1899 10:00:00 AM,12/31/1899 8:30:00 PM,Not Applicable/Non applicable,12/31/1899 1:00:00 PM,12/31/1899 6:00:00 PM,Not Applicable/Non applicable,12/31/1899 10:00:00 AM,12/31/1899 5:00:00 PM,Not Applicable/Non applicable,311,-75.8862609863281,45.2954444885254,OTTAWA,y,n,1
-75.8256683349609,45.3211555480957,-8440874,5672223,102100,ARTS AND CULTURE,Ottawa Public Library Centennial Branch,BibliothŠque publique d'Ottawa Succursale Centennial,3870 OLD RICHMOND RD,3870 CH OLD RICHMOND,Open Year Round/Ouvert toute l?ann‚e,Not Applicable/Non applicable,Not Applicable/Non applicable,Closed,Closed,Not Applicable/Non applicable,12/31/1899 10:00:00 AM,12/31/1899 8:30:00 PM,Not Applicable/Non applicable,12/31/1899 10:00:00 AM,12/31/1899 8:30:00 PM,Not Applicable/Non applicable,12/31/1899 10:00:00 AM,12/31/1899 8:30:00 PM,Not Applicable/Non applicable,12/31/1899 10:00:00 AM,12/31/1899 8:30:00 PM,Not Applicable/Non applicable,12/31/1899 1:00:00 PM,12/31/1899 6:00:00 PM,Not Applicable/Non applicable,12/31/1899 10:00:00 AM,12/31/1899 5:00:00 PM,Not Applicable/Non applicable,311,-75.8256683349609,45.3211555480957,OTTAWA,y,n,2
-75.6832504272461,45.4301643371582,-8425020,5689498,102100,ARTS AND CULTURE,Ottawa Public Library Rideau Branch,BibliothŠque publique d'Ottawa Succursale Rideau,377 RIDEAU ST,377 RUE RIDEAU,Open Year Round/Ouvert toute l?ann‚e,Not Applicable/Non applicable,Not Applicable/Non applicable,Closed,Closed,Not Applicable/Non applicable,12/31/1899 10:00:00 AM,12/31/1899 8:30:00 PM,Not Applicable/Non applicable,12/31/1899 10:00:00 AM,12/31/1899 8:30:00 PM,Not Applicable/Non applicable,12/31/1899 10:00:00 AM,12/31/1899 8:30:00 PM,Not Applicable/Non applicable,12/31/1899 10:00:00 AM,12/31/1899 8:30:00 PM,Not Applicable/Non applicable,12/31/1899 1:00:00 PM,12/31/1899 6:00:00 PM,Not Applicable/Non applicable,12/31/1899 10:00:00 AM,12/31/1899 5:00:00 PM,Not Applicable/Non applicable,311,-75.6832504272461,45.4301643371582,OTTAWA,y,n,3
-75.6356048583984,45.3634605407715,-8419717,5678923,102100,RECREATION,Greenboro CC,Centre communautaire Greenboro,363 LORRY GREENBERG DR,"363, PROM. LORRY GREENBERG",Open Year Round/Ouvert toute l?ann‚e,Not Applicable/Non applicable,Not Applicable/Non applicable,12/31/1899 8:00:00 AM,12/31/1899 8:00:00 PM,Not Applicable/Non applicable,12/31/1899 8:00:00 AM,12/31/1899 9:00:00 PM,Not Applicable/Non applicable,12/31/1899 8:00:00 AM,12/31/1899 9:00:00 PM,Not Applicable/Non applicable,12/31/1899 8:00:00 AM,12/31/1899 9:00:00 PM,Not Applicable/Non applicable,12/31/1899 8:00:00 AM,12/31/1899 9:00:00 PM,Not Applicable/Non applicable,12/31/1899 8:00:00 AM,12/31/1899 9:00:00 PM,Not Applicable/Non applicable,12/31/1899 8:00:00 AM,12/31/1899 8:00:00 PM,Not Applicable/Non applicable,311,-75.6356048583984,45.3634605407715,OTTAWA,y,n,4
-75.7717895507812,45.3732376098633,-8434877,5680473,102100,ARTS AND CULTURE,Ottawa Public Library Carlingwood Branch,BibliothŠque publique d'Ottawa Succursale Carlingwood,281 WOODROFFE AVE,281 AV WOODROFFE,Open Year Round/Ouvert toute l?ann‚e,Not Applicable/Non applicable,Not Applicable/Non applicable,Closed,Closed,Not Applicable/Non applicable,12/31/1899 10:00:00 AM,12/31/1899 8:30:00 PM,Not Applicable/Non applicable,12/31/1899 10:00:00 AM,12/31/1899 8:30:00 PM,Not Applicable/Non applicable,12/31/1899 10:00:00 AM,12/31/1899 8:30:00 PM,Not Applicable/Non applicable,12/31/1899 10:00:00 AM,12/31/1899 8:30:00 PM,Not Applicable/Non applicable,12/31/1899 1:00:00 PM,12/31/1899 6:00:00 PM,Not Applicable/Non applicable,12/31/1899 10:00:00 AM,12/31/1899 5:00:00 PM,Not Applicable/Non applicable,311,-75.7717895507813,45.3732376098633,OTTAWA,y,n,5
-75.8953018188477,45.3216171264649,-8448626,5672297,102100,RECREATION,John G Mlacak Centre,Centre John G Mlacak,2500 CAMPEAU DR,"2500, PROM. CAMPEAU",Open Year Round/Ouvert toute l?ann‚e,Not Applicable/Non applicable,Not Applicable/Non applicable,12/31/1899 8:00:00 AM,12/31/1899 9:00:00 PM,Not Applicable/Non applicable,12/31/1899 8:00:00 AM,12/31/1899 9:00:00 PM,Not Applicable/Non applicable,12/31/1899 8:00:00 AM,12/31/1899 9:00:00 PM,Not Applicable/Non applicable,12/31/1899 8:00:00 AM,12/31/1899 9:00:00 PM,Not Applicable/Non applicable,12/31/1899 8:00:00 AM,12/31/1899 9:00:00 PM,Not Applicable/Non applicable,12/31/1899 8:00:00 AM,12/31/1899 9:00:00 PM,Not Applicable/Non applicable,12/31/1899 8:00:00 AM,12/31/1899 9:00:00 PM,Not Applicable/Non applicable,311,-75.8953018188477,45.3216171264648,OTTAWA,y,n,6
-75.6617736816406,45.378173828125,-8422630,5681255,102100,ARTS AND CULTURE,Ottawa Public Library Alta Vista Branch,BibliothŠque publique d'Ottawa Succursale Alta Vista,2516 ALTA VISTA DR,2516 PROM ALTA VISTA,Open Year Round/Ouvert toute l?ann‚e,Not Applicable/Non applicable,Not Applicable/Non applicable,Closed,Closed,Not Applicable/Non applicable,12/31/1899 10:00:00 AM,12/31/1899 8:30:00 PM,Not Applicable/Non applicable,12/31/1899 10:00:00 AM,12/31/1899 8:30:00 PM,Not Applicable/Non applicable,12/31/1899 10:00:00 AM,12/31/1899 8:30:00 PM,Not Applicable/Non applicable,12/31/1899 10:00:00 AM,12/31/1899 8:30:00 PM,Not Applicable/Non applicable,12/31/1899 1:00:00 PM,12/31/1899 6:00:00 PM,Not Applicable/Non applicable,12/31/1899 10:00:00 AM,12/31/1899 5:00:00 PM,Not Applicable/Non applicable,311,-75.6617736816406,45.378173828125,OTTAWA,y,n,7
-75.6007766723633,45.4381103515625,-8415840,5690759,102100,ARTS AND CULTURE,Ottawa Public Library North Gloucester Branch,BibliothŠque publique d'Ottawa Succursale Gloucester Nord,2036 OGILVIE RD,2036 CH OGILVIE,Open Year Round/Ouvert toute l?ann‚e,Not Applicable/Non applicable,Not Applicable/Non applicable,12/31/1899 1:00:00 PM,12/31/1899 5:00:00 PM,Closed early June to early September,12/31/1899 10:00:00 AM,12/31/1899 8:30:00 PM,Not Applicable/Non applicable,12/31/1899 10:00:00 AM,12/31/1899 8:30:00 PM,Not Applicable/Non applicable,12/31/1899 10:00:00 AM,12/31/1899 8:30:00 PM,Not Applicable/Non applicable,12/31/1899 10:00:00 AM,12/31/1899 8:30:00 PM,Not Applicable/Non applicable,12/31/1899 1:00:00 PM,12/31/1899 6:00:00 PM,Not Applicable/Non applicable,12/31/1899 10:00:00 AM,12/31/1899 5:00:00 PM,Not Applicable/Non applicable,311,-75.6007766723633,45.4381103515625,OTTAWA,y,n,8
-75.7262954711914,45.4016571044922,-8429813,5684977,102100,ARTS AND CULTURE,Ottawa Public Library Rosemount Branch,BibliothŠque publique d'Ottawa Succursale Rosemount,18 ROSEMOUNT AVE,18 AV ROSEMOUNT,Open Year Round/Ouvert toute l?ann‚e,Not Applicable/Non applicable,Not Applicable/Non applicable,Closed,Closed,Not Applicable/Non applicable,12/31/1899 10:00:00 AM,12/31/1899 8:30:00 PM,Not Applicable/Non applicable,12/31/1899 10:00:00 AM,12/31/1899 8:30:00 PM,Not Applicable/Non applicable,12/31/1899 10:00:00 AM,12/31/1899 8:30:00 PM,Not Applicable/Non applicable,12/31/1899 10:00:00 AM,12/31/1899 8:30:00 PM,Not Applicable/Non applicable,12/31/1899 1:00:00 PM,12/31/1899 6:00:00 PM,Not Applicable/Non applicable,12/31/1899 10:00:00 AM,12/31/1899 5:00:00 PM,Not Applicable/Non applicable,311,-75.7262954711914,45.4016571044922,OTTAWA,y,n,9
-75.5238800048828,45.4565238952637,-8407280,5693681,102100,ARTS AND CULTURE,Ottawa Public Library Orleans Branch,BibliothŠque publique d'Ottawa Succursale Orl??ans,1705 ORLEANS BLVD,1705 BOUL ORLEANS,Open Year Round/Ouvert toute l?ann‚e,Not Applicable/Non applicable,Not Applicable/Non applicable,12/31/1899 1:00:00 PM,12/31/1899 5:00:00 PM,Closed early June to early September,12/31/1899 10:00:00 AM,12/31/1899 8:30:00 PM,Not Applicable/Non applicable,12/31/1899 10:00:00 AM,12/31/1899 8:30:00 PM,Not Applicable/Non applicable,12/31/1899 10:00:00 AM,12/31/1899 8:30:00 PM,Not Applicable/Non applicable,12/31/1899 10:00:00 AM,12/31/1899 8:30:00 PM,Not Applicable/Non applicable,12/31/1899 1:00:00 PM,12/31/1899 6:00:00 PM,Not Applicable/Non applicable,12/31/1899 10:00:00 AM,12/31/1899 5:00:00 PM,Not Applicable/Non applicable,311,-75.5238800048828,45.4565238952637,OTTAWA,y,n,10
-75.7333831787109,45.3547210693359,-8430602,5677539,102100,ARTS AND CULTURE,Ottawa Public Library Emerald Plaza Branch,BibliothŠque publique d'Ottawa Succursale Emerald Plaza,1547 MERIVALE RD,1547 CH MERIVALE,Open Year Round/Ouvert toute l?ann‚e,Not Applicable/Non applicable,Not Applicable/Non applicable,Closed,Closed,Not Applicable/Non applicable,12/31/1899 10:00:00 AM,12/31/1899 8:30:00 PM,Not Applicable/Non applicable,12/31/1899 10:00:00 AM,12/31/1899 8:30:00 PM,Not Applicable/Non applicable,12/31/1899 10:00:00 AM,12/31/1899 8:30:00 PM,Not Applicable/Non applicable,12/31/1899 10:00:00 AM,12/31/1899 8:30:00 PM,Not Applicable/Non applicable,12/31/1899 1:00:00 PM,12/31/1899 6:00:00 PM,Not Applicable/Non applicable,12/31/1899 10:00:00 AM,12/31/1899 5:00:00 PM,Not Applicable/Non applicable,311,-75.7333831787109,45.3547210693359,OTTAWA,y,n,11
-75.6837921142578,45.3954658508301,-8425081,5683996,102100,ARTS AND CULTURE,Ottawa Public Library Sunnyside Branch,BibliothŠque publique d'Ottawa Succursale Sunnyside,1049 BANK ST,1049 RUE BANK,Open Year Round/Ouvert toute l?ann‚e,Not Applicable/Non applicable,Not Applicable/Non applicable,Closed,Closed,Not Applicable/Non applicable,12/31/1899 10:00:00 AM,12/31/1899 8:30:00 PM,Not Applicable/Non applicable,12/31/1899 10:00:00 AM,12/31/1899 8:30:00 PM,Not Applicable/Non applicable,12/31/1899 10:00:00 AM,12/31/1899 8:30:00 PM,Not Applicable/Non applicable,12/31/1899 10:00:00 AM,12/31/1899 8:30:00 PM,NA,12/31/1899 1:00:00 PM,12/31/1899 6:00:00 PM,Not Applicable/Non applicable,12/31/1899 10:00:00 AM,12/31/1899 5:00:00 PM,Not Applicable/Non applicable,311,-75.6837921142578,45.3954658508301,OTTAWA,y,n,12
-75.6953887939453,45.420238494873,-8426372,5687924,102100,ARTS AND CULTURE,Ottawa Public Library Main Library,BibliothŠque publique d'Ottawa BibliothŠque Centrale,120 METCALFE ST,120 RUE METCALFE,Open Year Round/Ouvert toute l?ann‚e,Not Applicable/Non applicable,Not Applicable/Non applicable,12/31/1899 1:00:00 PM,12/31/1899 5:00:00 PM,Closed early June to early September,12/31/1899 10:00:00 AM,12/31/1899 9:00:00 PM,Not Applicable/Non applicable,12/31/1899 10:00:00 AM,12/31/1899 9:00:00 PM,Not Applicable/Non applicable,12/31/1899 10:00:00 AM,12/31/1899 9:00:00 PM,Not Applicable/Non applicable,12/31/1899 10:00:00 AM,12/31/1899 9:00:00 PM,Not Applicable/Non applicable,12/31/1899 10:00:00 AM,12/31/1899 6:00:00 PM,Not Applicable/Non applicable,12/31/1899 10:00:00 AM,12/31/1899 5:00:00 PM,Not Applicable/Non applicable,311,-75.6953887939453,45.420238494873,OTTAWA,y,n,13
-75.5575942993164,45.2613220214844,-8411033,5662756,102100,ARTS AND CULTURE,Ottawa Public Library Greely Branch,BibliothŠque publique d'Ottawa Succursale Greely,1448 MEADOW DR,1448 PROM MEADOW,Open Year Round/Ouvert toute l?ann‚e,Not Applicable/Non applicable,Not Applicable/Non applicable,Closed,Closed,Not Applicable/Non applicable,Special Hours/Heures de fonctionnement sp‚cial,Special Hours/Heures de fonctionnement sp‚cial,"10:00 AM-1:00 PM, 4:30 PM-8:30PM",12/31/1899 10:00:00 AM,12/31/1899 1:00:00 PM,Not Applicable/Non applicable,Special Hours/Heures de fonctionnement sp‚cial,Special Hours/Heures de fonctionnement sp‚cial,"10:00 AM-1:00 PM, 4:30 PM-8:30PM",12/31/1899 4:30:00 PM,12/31/1899 8:30:00 PM,Not Applicable/Non applicable,Closed,Closed,Not Applicable/Non applicable,12/31/1899 10:00:00 AM,12/31/1899 2:00:00 PM,Not Applicable/Non applicable,311,-75.5575942993164,45.2613220214844,OTTAWA,y,n,14
-75.6248931884766,45.3994941711426,-8418525,5684634,102100,ARTS AND CULTURE,Elmvale Acres Library,BibliothŠque publique d'Ottawa Succursale  Elmvale Acres,1910 St-Laurent BLVD,1910 St-Laurent,Open Year Round/Ouvert toute l?ann‚e,Not Applicable/Non applicable,Not Applicable/Non applicable,Closed,Closed,Not Applicable/Non applicable,12/31/1899 10:00:00 AM,12/31/1899 8:30:00 PM,Not Applicable/Non applicable,12/31/1899 10:00:00 AM,12/31/1899 8:30:00 PM,Not Applicable/Non applicable,12/31/1899 10:00:00 AM,12/31/1899 8:30:00 PM,Not Applicable/Non applicable,12/31/1899 10:00:00 AM,12/31/1899 8:30:00 PM,Not Applicable/Non applicable,12/31/1899 1:00:00 PM,12/31/1899 6:00:00 PM,Not Applicable/Non applicable,12/31/1899 10:00:00 AM,12/31/1899 5:00:00 PM,Not Applicable/Non applicable,311,-75.6248931884766,45.3994941711426,OTTAWA,y,n,15
-75.7615203857422,45.2805824279785,-8433734,5665802,102100,CIVIC ADMINISTRATION,Ruth E. Dickinson Library,BibliothŠque publique d'Ottawa Succursale  Ruth E. Dickinson,100 MALVERN DR,100 rue Malvern,Open Year Round/Ouvert toute l?ann‚e,Not Applicable/Non applicable,Not Applicable/Non applicable,Closed,Closed,Not Applicable/Non applicable,12/31/1899 10:00:00 AM,12/31/1899 8:30:00 PM,Not Applicable/Non applicable,12/31/1899 10:00:00 AM,12/31/1899 8:30:00 PM,Not Applicable/Non applicable,12/31/1899 10:00:00 AM,12/31/1899 8:30:00 PM,Not Applicable/Non applicable,12/31/1899 10:00:00 AM,12/31/1899 8:30:00 PM,Not Applicable/Non applicable,12/31/1899 1:00:00 PM,12/31/1899 6:00:00 PM,Not Applicable/Non applicable,12/31/1899 10:00:00 AM,12/31/1899 5:00:00 PM,Not Applicable/Non applicable,311,-75.7615203857422,45.2805824279785,OTTAWA,y,n,16
-75.6467971801758,45.4365425109863,-8420963,5690510,102100,ARTS AND CULTURE,St-Laurent Library,BibliothŠque publique d'Ottawa Succursale  St-Laurent,515 C“t‚ St,515 rue C“t‚,Open Year Round/Ouvert toute l?ann‚e,Not Applicable/Non applicable,Not Applicable/Non applicable,Closed,Closed,Not Applicable/Non applicable,12/31/1899 10:00:00 AM,12/31/1899 8:30:00 PM,Not Applicable/Non applicable,12/31/1899 10:00:00 AM,12/31/1899 8:30:00 PM,Not Applicable/Non applicable,12/31/1899 10:00:00 AM,12/31/1899 8:30:00 PM,Not Applicable/Non applicable,12/31/1899 10:00:00 AM,12/31/1899 8:30:00 PM,Not Applicable/Non applicable,12/31/1899 1:00:00 PM,12/31/1899 6:00:00 PM,Not Applicable/Non applicable,12/31/1899 10:00:00 AM,12/31/1899 5:00:00 PM,Not Applicable/Non applicable,311,-75.6467971801758,45.4365425109863,OTTAWA,y,n,17
-75.9266510009766,45.2606544494629,-8452116,5662650,102100,RECREATION,Johnny Leroux Stittsville Community Arena,Ar‚na communautaire de Stittsville Johnny-Leroux,10 WARNER COLPITTS LANE,10 RLE WARNER COLPITTS,Open Year Round/Ouvert toute l?ann‚e,Not Applicable/Non applicable,Not Applicable/Non applicable,12/31/1899 6:00:00 AM,12/31/1899 11:00:00 PM,Hall space 8 am to 10 pm,12/31/1899 6:00:00 AM,12/31/1899 11:00:00 PM,Hall open 8 am to 10 pm,12/31/1899 6:00:00 AM,12/31/1899 11:00:00 PM,Hall open 8 am to 10 pm,12/31/1899 6:00:00 AM,12/31/1899 11:00:00 PM,Hall open 8 am to 10 pm,12/31/1899 6:00:00 AM,12/31/1899 11:00:00 PM,Hall open 8 am to 10 pm,12/31/1899 6:00:00 AM,12/31/1899 11:00:00 PM,Hall open 8 am to 10 pm,12/31/1899 6:00:00 AM,12/31/1899 11:00:00 PM,Hall available 8 am to 12 am,311,-75.9266510009766,45.2606544494629,OTTAWA,y,n,18
-75.9014129638672,45.294246673584,-8449307,5667964,102100,RECREATION,Kanata Recreation Complex,Centre des loisirs de Kanata,100 CHARLIE ROGERS PL,"100, PLACE CHARLIE ROGERS",Open Year Round/Ouvert toute l?ann‚e,Not Applicable/Non applicable,Not Applicable/Non applicable,12/31/1899 6:00:00 AM,12/31/1899 11:00:00 PM,Not Applicable/Non applicable,12/31/1899 6:00:00 AM,12/31/1899 11:00:00 PM,Not Applicable/Non applicable,12/31/1899 6:00:00 AM,12/31/1899 11:00:00 PM,Not Applicable/Non applicable,12/31/1899 6:00:00 AM,12/31/1899 11:00:00 PM,Not Applicable/Non applicable,12/31/1899 6:00:00 AM,12/31/1899 11:00:00 PM,Not Applicable/Non applicable,12/31/1899 6:00:00 AM,12/31/1899 11:00:00 PM,Not Applicable/Non applicable,12/31/1899 6:00:00 AM,12/31/1899 11:00:00 PM,Not Applicable/Non applicable,311,-75.9014129638672,45.294246673584,OTTAWA,y,n,19
-76.2062606811523,45.4701347351074,-8483242,5695841,102100,RECREATION,Fitzroy Harbour CC,Centre Communautaire de Fitzroy Harbour,100 CLIFFORD CAMPBELL ST,"100, RUE CLIFFORD CAMPBELL",Open Year Round/Ouvert toute l?ann‚e,Not Applicable/Non applicable,Not Applicable/Non applicable,Not Applicable/Non applicable,Not Applicable/Non applicable,Not Applicable/Non applicable,12/31/1899 5:30:00 PM,12/31/1899 8:30:00 PM,Not Applicable/Non applicable,Not Applicable/Non applicable,Not Applicable/Non applicable,Not Applicable/Non applicable,Not Applicable/Non applicable,Not Applicable/Non applicable,Not Applicable/Non applicable,12/31/1899 5:30:00 PM,12/31/1899 8:30:00 PM,Not Applicable/Non applicable,Not Applicable/Non applicable,Not Applicable/Non applicable,Not Applicable/Non applicable,12/31/1899 10:00:00 AM,12/31/1899 1:00:00 PM,Not Applicable/Non applicable,311,-76.2062606811523,45.4701347351074,OTTAWA,y,n,20
-75.7615356445313,45.2803840637207,-8433735,5665771,102100,RECREATION,Walter Baker Sports Centre,Centre sportif Walter-Baker,100 MALVERN DR,"100, CH. MALVERN",Open Year Round/Ouvert toute l?ann‚e,Not Applicable/Non applicable,Not Applicable/Non applicable,12/31/1899 8:00:00 AM,12/31/1899 8:30:00 PM,Not Applicable/Non applicable,12/31/1899 8:00:00 AM,12/31/1899 10:00:00 PM,Not Applicable/Non applicable,12/31/1899 8:00:00 AM,12/31/1899 10:00:00 PM,Not Applicable/Non applicable,12/31/1899 8:00:00 AM,12/31/1899 10:00:00 PM,Not Applicable/Non applicable,12/31/1899 8:00:00 AM,12/31/1899 10:00:00 PM,Not Applicable/Non applicable,12/31/1899 8:00:00 AM,12/31/1899 10:00:00 PM,Not Applicable/Non applicable,12/31/1899 8:00:00 AM,12/31/1899 8:30:00 PM,Not Applicable/Non applicable,311,-75.7615356445313,45.2803840637207,OTTAWA,y,n,21
-75.8013381958008,45.3637390136719,-8438166,5678968,102100,RECREATION,Ron Kolbus Lakeside Centre,Centre Ron-Kolbus Lakeside,102 Greenview Ave.,"102, ave  Greenview",Open Year Round/Ouvert toute l?ann‚e,Not Applicable/Non applicable,Not Applicable/Non applicable,Closed,Closed,Summer Open 11:00 AM to 7:00 PM,12/31/1899 9:00:00 AM,12/31/1899 5:00:00 PM,Summer Open 9:00 AM to 9:00 PM,12/31/1899 9:00:00 AM,12/31/1899 5:00:00 PM,Summer Open 9:00 AM to 9:00 PM,12/31/1899 9:00:00 AM,12/31/1899 5:00:00 PM,Summer Open 9:00 AM to 9:00 PM,12/31/1899 9:00:00 AM,12/31/1899 5:00:00 PM,Summer Open 9:00 AM to 9:00 PM,12/31/1899 9:00:00 AM,12/31/1899 5:00:00 PM,Summer Open 9:00 AM to 9:00 PM,Closed,Closed,Summer Open 11:00 AM to 7:00 PM,311,-75.8013381958008,45.3637390136719,OTTAWA,y,n,22
-75.7242965698242,45.4035835266113,-8429590,5685283,102100,RECREATION,Hintonburg CC,Hintonburg CC,1064 WELLINGTON ST    W,"1064, RUE WELLINGTON O.",Open Year Round/Ouvert toute l?ann‚e,Not Applicable/Non applicable,Not Applicable/Non applicable,12/31/1899 9:30:00 AM,12/31/1899 4:00:00 PM,Not Applicable/Non applicable,12/31/1899 9:00:00 AM,12/31/1899 10:00:00 PM,Not Applicable/Non applicable,12/31/1899 9:00:00 AM,12/31/1899 10:00:00 PM,Not Applicable/Non applicable,12/31/1899 9:00:00 AM,12/31/1899 10:00:00 PM,Not Applicable/Non applicable,12/31/1899 9:00:00 AM,12/31/1899 10:00:00 PM,Not Applicable/Non applicable,12/31/1899 9:00:00 AM,12/31/1899 10:00:00 PM,Not Applicable/Non applicable,12/31/1899 9:00:00 AM,12/31/1899 4:30:00 PM,Not Applicable/Non applicable,311,-75.7242965698242,45.4035835266113,OTTAWA,y,n,23
-75.7945785522461,45.3497352600098,-8437414,5676749,102100,Recreation,Foster Farm CC,Centre communautaire de Foster Farm,1065 Ramsey Crescent,1065. cres Ramsey,Open Year Round/Ouvert toute l?ann‚e,Not Applicable/Non applicable,Not Applicable/Non applicable,Not Applicable/Non applicable,Not Applicable/Non applicable,Not Applicable/Non applicable,12/31/1899 9:00:00 AM,12/31/1899 9:00:00 PM,Not Applicable/Non applicable,12/31/1899 9:00:00 AM,12/31/1899 9:00:00 PM,Not Applicable/Non applicable,12/31/1899 9:00:00 AM,12/31/1899 9:00:00 PM,Not Applicable/Non applicable,12/31/1899 9:00:00 AM,12/31/1899 9:00:00 PM,Not Applicable/Non applicable,12/31/1899 9:00:00 AM,12/31/1899 5:00:00 PM,Not Applicable/Non applicable,Not Applicable/Non applicable,Not Applicable/Non applicable,Not Applicable/Non applicable,311,-75.7945785522461,45.3497352600098,OTTAWA,y,n,24
-75.526008605957,45.4742012023926,-8407517,5696486,102100,RECREATION,Pierre Rocque Community Centre,Centre communautaire du parc Pierre-Rocque,1070 ST. PIERRE ST,"1257, AV. JOSEPH DROUIN",Open Seasonally/Ouvert en saison,May/mai,August/ao–t,12/31/1899 9:00:00 AM,12/31/1899 5:00:00 PM,Not Applicable/Non applicable,12/31/1899 5:00:00 PM,12/31/1899 9:00:00 PM,Not Applicable/Non applicable,12/31/1899 5:00:00 PM,12/31/1899 9:00:00 PM,Not Applicable/Non applicable,12/31/1899 5:00:00 PM,12/31/1899 9:00:00 PM,Not Applicable/Non applicable,12/31/1899 5:00:00 PM,12/31/1899 9:00:00 PM,Not Applicable/Non applicable,12/31/1899 5:00:00 PM,12/31/1899 9:00:00 PM,Not Applicable/Non applicable,12/31/1899 9:00:00 AM,12/31/1899 5:00:00 PM,Not Applicable/Non applicable,311,-75.526008605957,45.4742012023926,OTTAWA,y,n,25
-75.6590576171875,45.3733062744141,-8422328,5680483,102100,RECREATION,Jim Durrell Recreation Centre,Centre r‚cr‚atif Jim-Durrell,1265 WALKLEY RD,"1265, CH. WALKLEY",Open Year Round/Ouvert toute l?ann‚e,Not Applicable/Non applicable,Not Applicable/Non applicable,12/31/1899 9:00:00 AM,12/31/1899 9:00:00 PM,Not Applicable/Non applicable,12/31/1899 9:00:00 AM,12/31/1899 9:00:00 PM,Not Applicable/Non applicable,12/31/1899 9:00:00 AM,12/31/1899 9:00:00 PM,Not Applicable/Non applicable,12/31/1899 9:00:00 AM,12/31/1899 9:00:00 PM,Not Applicable/Non applicable,12/31/1899 9:00:00 AM,12/31/1899 9:00:00 PM,Not Applicable/Non applicable,12/31/1899 9:00:00 AM,12/31/1899 9:00:00 PM,Not Applicable/Non applicable,12/31/1899 9:00:00 AM,12/31/1899 9:00:00 PM,Not Applicable/Non applicable,311,-75.6590576171875,45.3733062744141,OTTAWA,y,n,26
-75.6576080322266,45.3673706054688,-8422167,5679543,102100,RECREATION,Deborah Anne Kirwan Pool,Piscine Deborah-Anne-Kirwan,1300 KITCHENER AVE,"1300, AV. KITCHENER",Open Year Round/Ouvert toute l?ann‚e,Not Applicable/Non applicable,Not Applicable/Non applicable,12/31/1899 8:30:00 AM,12/31/1899 7:00:00 PM,Not Applicable/Non applicable,12/31/1899 3:30:00 PM,12/31/1899 9:30:00 PM,Not Applicable/Non applicable,12/31/1899 3:30:00 PM,12/31/1899 9:30:00 PM,Not Applicable/Non applicable,12/31/1899 3:30:00 PM,12/31/1899 9:30:00 PM,Not Applicable/Non applicable,12/31/1899 3:30:00 PM,12/31/1899 9:30:00 PM,Not Applicable/Non applicable,12/31/1899 3:30:00 PM,12/31/1899 9:30:00 PM,Not Applicable/Non applicable,Closed,Closed,Not Applicable/Non applicable,311,-75.6576080322266,45.3673706054688,OTTAWA,y,n,27
-75.6539916992188,45.3789978027344,-8421764,5681386,102100,RECREATION,Heron Rd Multi-Service Cntr.,Centre multi-services du chemin Heron,1480 HERON RD,"1480, CH. HERON",Open Year Round/Ouvert toute l?ann‚e,Not Applicable/Non applicable,Not Applicable/Non applicable,12/31/1899 9:00:00 AM,12/31/1899 5:00:00 PM,Not Applicable/Non applicable,12/31/1899 8:00:00 AM,12/31/1899 9:00:00 PM,Not Applicable/Non applicable,12/31/1899 8:00:00 AM,12/31/1899 9:00:00 PM,Not Applicable/Non applicable,12/31/1899 8:00:00 AM,12/31/1899 9:00:00 PM,Not Applicable/Non applicable,12/31/1899 8:00:00 AM,12/31/1899 9:00:00 PM,Not Applicable/Non applicable,12/31/1899 8:00:00 AM,12/31/1899 9:00:00 PM,Not Applicable/Non applicable,12/31/1899 9:00:00 AM,12/31/1899 5:00:00 PM,Not Applicable/Non applicable,311,-75.6539916992188,45.3789978027344,OTTAWA,y,n,28
-75.5451049804688,45.4663391113281,-8409643,5695238,102100,RECREATION,Bob MacQuarrie Recreation Complex - Orl‚ans,Complexe r‚cr‚atif Bob-MacQuarrie - Orl‚ans,1490 YOUVILLE DR,"1490, CH. YOUVILLE",Open Year Round/Ouvert toute l?ann‚e,Not Applicable/Non applicable,Not Applicable/Non applicable,12/31/1899 7:00:00 AM,12/31/1899 7:30:00 PM,Not Applicable/Non applicable,12/31/1899 6:00:00 AM,12/31/1899 10:00:00 PM,Not Applicable/Non applicable,12/31/1899 6:00:00 AM,12/31/1899 10:00:00 PM,Not Applicable/Non applicable,12/31/1899 6:00:00 AM,12/31/1899 10:00:00 PM,Not Applicable/Non applicable,12/31/1899 6:00:00 AM,12/31/1899 10:00:00 PM,Not Applicable/Non applicable,12/31/1899 6:00:00 AM,12/31/1899 9:00:00 PM,Not Applicable/Non applicable,12/31/1899 7:30:00 AM,12/31/1899 7:30:00 PM,Not Applicable/Non applicable,311,-75.5451049804688,45.4663391113281,OTTAWA,y,n,29
-75.907585144043,45.2635307312012,-8449994,5663105,102100,RECREATION,Goulbourn Recreation Complex,Complexe r‚cr‚atif Goulbourn,1500 SHEA RD,"1500, CH. SHEA",Open Year Round/Ouvert toute l?ann‚e,Not Applicable/Non applicable,Not Applicable/Non applicable,12/31/1899 7:00:00 AM,12/31/1899 10:00:00 PM,Rinks 6 am to 11 pm,12/31/1899 6:00:00 AM,12/31/1899 10:00:00 PM,Rinks 6 am to 11 pm,12/31/1899 6:00:00 AM,12/31/1899 10:00:00 PM,Rinks 6 am to 11 pm,12/31/1899 6:00:00 AM,12/31/1899 10:00:00 PM,Rinks 6 am to 11 pm,12/31/1899 6:00:00 AM,12/31/1899 10:00:00 PM,Rinks 6 am to 11 pm,12/31/1899 6:00:00 AM,12/31/1899 10:00:00 PM,Rinks 6 am to 12 am,12/31/1899 6:00:00 AM,12/31/1899 10:00:00 PM,Rinks 6 am to 12 am,311,-75.907585144043,45.2635307312012,OTTAWA,y,n,30
-75.4931106567383,45.4720191955566,-8403854,5696140,102100,RECREATION,Ray Friel Recreation Complex,Complexe r‚cr‚atif Ray-Friel,1585 TENTH LINE RD,"1585, CH. TENTH LINE",Open Year Round/Ouvert toute l?ann‚e,Not Applicable/Non applicable,Not Applicable/Non applicable,12/31/1899 8:00:00 AM,12/31/1899 8:00:00 PM,Not Applicable/Non applicable,12/31/1899 6:00:00 AM,12/31/1899 10:00:00 PM,Not Applicable/Non applicable,12/31/1899 6:00:00 AM,12/31/1899 10:00:00 PM,Not Applicable/Non applicable,12/31/1899 6:00:00 AM,12/31/1899 10:00:00 PM,Not Applicable/Non applicable,12/31/1899 6:00:00 AM,12/31/1899 10:00:00 PM,Not Applicable/Non applicable,12/31/1899 6:00:00 AM,12/31/1899 10:00:00 PM,Not Applicable/Non applicable,12/31/1899 8:00:00 AM,12/31/1899 8:00:00 PM,Not Applicable/Non applicable,311,-75.4931106567383,45.4720191955566,OTTAWA,y,n,31
-75.7022018432617,45.3594856262207,-8427131,5678294,102100,RECREATION,Carleton Heights CC,Centre Communautaire Carleton Heights,1665 APELDOORN AVE,"1665, AV. APELDOORN",Open Year Round/Ouvert toute l?ann‚e,Not Applicable/Non applicable,Not Applicable/Non applicable,12/31/1899 9:30:00 AM,12/31/1899 11:30:00 AM,Not Applicable/Non applicable,12/31/1899 9:00:00 AM,12/31/1899 5:00:00 PM,6 to 9 PM,12/31/1899 9:00:00 AM,12/31/1899 5:00:00 PM,6 to 9 PM,12/31/1899 9:00:00 AM,12/31/1899 5:00:00 PM,6 to 9 PM,12/31/1899 9:00:00 AM,12/31/1899 5:00:00 PM,6 to 9 PM,12/31/1899 9:00:00 AM,12/31/1899 4:00:00 PM,Not Applicable/Non applicable,12/31/1899 9:30:00 AM,12/31/1899 2:30:00 PM,Not Applicable/Non applicable,311,-75.7022018432617,45.3594856262207,OTTAWA,y,n,32
-75.7027435302734,45.4094848632812,-8427191,5686219,102100,RECREATION,McNabb CC,Centre communautaire McNabb,180 PERCY ST,"180, RUE PERCY",Open Year Round/Ouvert toute l?ann‚e,Not Applicable/Non applicable,Not Applicable/Non applicable,12/31/1899 9:00:00 AM,12/31/1899 8:00:00 PM,Not Applicable/Non applicable,12/31/1899 8:00:00 AM,12/31/1899 10:00:00 PM,Not Applicable/Non applicable,12/31/1899 8:00:00 AM,12/31/1899 10:00:00 PM,Not Applicable/Non applicable,12/31/1899 8:00:00 AM,12/31/1899 10:00:00 PM,Not Applicable/Non applicable,12/31/1899 8:00:00 AM,12/31/1899 10:00:00 PM,Not Applicable/Non applicable,12/31/1899 8:00:00 AM,12/31/1899 10:00:00 PM,Not Applicable/Non applicable,12/31/1899 8:00:00 AM,12/31/1899 8:00:00 PM,Not Applicable/Non applicable,311,-75.7027435302734,45.4094848632813,OTTAWA,y,n,33
-75.6888046264648,45.4254417419434,-8425639,5688749,102100,ARTS AND CULTURE,Arts Court,Cour des Arts,2 DALY AVE,"2, AV. DALY",Open Year Round/Ouvert toute l?ann‚e,Not Applicable/Non applicable,Not Applicable/Non applicable,12/31/1899 9:00:00 AM,12/31/1899 11:00:00 PM,Not Applicable/Non applicable,12/31/1899 9:00:00 AM,12/31/1899 11:00:00 PM,Not Applicable/Non applicable,12/31/1899 9:00:00 AM,12/31/1899 11:00:00 PM,Not Applicable/Non applicable,12/31/1899 9:00:00 AM,12/31/1899 11:00:00 PM,Not Applicable/Non applicable,12/31/1899 9:00:00 AM,12/31/1899 11:00:00 PM,Not Applicable/Non applicable,12/31/1899 9:00:00 AM,12/31/1899 11:00:00 PM,Not Applicable/Non applicable,12/31/1899 9:00:00 AM,12/31/1899 11:00:00 PM,Not Applicable/Non applicable,311,-75.6888046264648,45.4254417419434,OTTAWA,y,n,34
-75.6005630493164,45.4375228881836,-8415816,5690665,102100,RECREATION,Splash Wave Pool,Piscine … vagues Splash,2040 OGILVIE RD,"2040, CH. OGILVIE",Open Year Round/Ouvert toute l?ann‚e,Not Applicable/Non applicable,Not Applicable/Non applicable,12/31/1899 7:30:00 AM,12/31/1899 6:00:00 PM,closed Mar 21-April 10,12/31/1899 6:00:00 AM,12/31/1899 9:00:00 PM,closed Mar 21-April 10,12/31/1899 6:00:00 AM,12/31/1899 8:30:00 PM,closed Mar 21-April 10,12/31/1899 6:00:00 AM,12/31/1899 9:00:00 PM,closed Mar 21-April 10,12/31/1899 6:00:00 AM,12/31/1899 8:30:00 PM,closed Mar 21-April 10,12/31/1899 6:00:00 AM,12/31/1899 9:00:00 PM,closed Mar 21-April 10,12/31/1899 8:00:00 AM,12/31/1899 6:00:00 PM,closed Mar 21-April 10,311,-75.6005630493164,45.4375228881836,OTTAWA,y,n,35
-75.629997253418,45.3909378051758,-8419093,5683278,102100,RECREATION,Canterbury Community Centre,Centre Communautaire Canterbury,2185 ARCH ST,"2185, RUE ARCH",Open Year Round/Ouvert toute l?ann‚e,Not Applicable/Non applicable,Not Applicable/Non applicable,12/31/1899 9:00:00 AM,12/31/1899 6:00:00 PM,Not Applicable/Non applicable,12/31/1899 9:00:00 AM,12/31/1899 6:00:00 PM,Not Applicable/Non applicable,12/31/1899 9:00:00 AM,12/31/1899 6:00:00 PM,Not Applicable/Non applicable,12/31/1899 9:00:00 AM,12/31/1899 6:00:00 PM,Not Applicable/Non applicable,12/31/1899 9:00:00 AM,12/31/1899 6:00:00 PM,Not Applicable/Non applicable,12/31/1899 9:00:00 AM,12/31/1899 6:00:00 PM,Not Applicable/Non applicable,12/31/1899 9:00:00 AM,12/31/1899 6:00:00 PM,Not Applicable/Non applicable,311,-75.629997253418,45.3909378051758,OTTAWA,y,n,36
-75.7729110717773,45.3479194641113,-8435002,5676462,102100,RECREATION,Pinecrest Recreation Complex,Complexe r‚cr‚atif Pinecrest,2250 TORQUAY AVE,"2250, AV. TORQUAY",Open Year Round/Ouvert toute l?ann‚e,Not Applicable/Non applicable,Not Applicable/Non applicable,12/31/1899 8:00:00 AM,12/31/1899 7:00:00 PM,Not Applicable/Non applicable,12/31/1899 7:00:00 AM,12/31/1899 9:00:00 PM,Not Applicable/Non applicable,12/31/1899 7:00:00 AM,12/31/1899 9:00:00 PM,Not Applicable/Non applicable,12/31/1899 7:00:00 AM,12/31/1899 9:00:00 PM,Not Applicable/Non applicable,12/31/1899 7:00:00 AM,12/31/1899 9:00:00 PM,Not Applicable/Non applicable,12/31/1899 7:00:00 AM,12/31/1899 8:00:00 PM,Not Applicable/Non applicable,12/31/1899 8:00:00 AM,12/31/1899 7:00:00 PM,Not Applicable/Non applicable,311,-75.7729110717773,45.3479194641113,OTTAWA,y,n,37
-75.4631042480469,45.4545059204101,-8400514,5693361,102100,RECREATION,Fran‡ois Dupuis Rec Centre,Centre r‚cr‚atif Fran‡ois-Dupuis,2263 PORTOBELLO BLVD,"2263, BOUL. PORTOBELLO",Open Year Round/Ouvert toute l?ann‚e,Not Applicable/Non applicable,Not Applicable/Non applicable,12/31/1899 8:00:00 AM,12/31/1899 6:00:00 PM,Not Applicable/Non applicable,12/31/1899 7:00:00 AM,12/31/1899 9:30:00 PM,Not Applicable/Non applicable,12/31/1899 7:00:00 AM,12/31/1899 9:30:00 PM,Not Applicable/Non applicable,12/31/1899 7:00:00 AM,12/31/1899 9:30:00 PM,Not Applicable/Non applicable,12/31/1899 7:00:00 AM,12/31/1899 9:30:00 PM,Not Applicable/Non applicable,12/31/1899 7:00:00 AM,12/31/1899 9:30:00 PM,Not Applicable/Non applicable,12/31/1899 8:00:00 AM,12/31/1899 7:30:00 PM,Not Applicable/Non applicable,311,-75.4631042480469,45.4545059204102,OTTAWA,y,n,38
-75.6776275634765,45.4227333068848,-8424395,5688320,102100,RECREATION,Sandy Hill Community Centre,Centre Communautaire de C“te-de-Sable,250 SOMERSET ST    E,"250, RUE SOMERSET E.",Open Year Round/Ouvert toute l?ann‚e,Not Applicable/Non applicable,Not Applicable/Non applicable,12/31/1899 9:00:00 AM,12/31/1899 12:30:00 PM,Not Applicable/Non applicable,12/31/1899 9:00:00 AM,12/31/1899 9:00:00 PM,Not Applicable/Non applicable,12/31/1899 9:00:00 AM,12/31/1899 9:00:00 PM,Not Applicable/Non applicable,12/31/1899 9:00:00 AM,12/31/1899 9:00:00 PM,Not Applicable/Non applicable,12/31/1899 9:00:00 AM,12/31/1899 9:00:00 PM,Not Applicable/Non applicable,12/31/1899 9:00:00 AM,12/31/1899 9:00:00 PM,Not Applicable/Non applicable,12/31/1899 10:00:00 AM,12/31/1899 5:00:00 PM,closed July and August,311,-75.6776275634766,45.4227333068848,OTTAWA,y,n,39
-75.6818161010742,45.3946723937988,-8424861,5683870,102100,RECREATION,Ottawa South Community Centre,Centre Communautaire d'Ottawa-Sud,260 SUNNYSIDE AVE,"260, PROM. SUNNYSIDE",Open Year Round/Ouvert toute l?ann‚e,Not Applicable/Non applicable,Not Applicable/Non applicable,12/31/1899 9:00:00 AM,12/31/1899 5:00:00 AM,"9:00am -1:00 July & August , closed on holidays",12/31/1899 6:30:00 AM,12/31/1899 9:00:00 AM,closed on statutory holidays,12/31/1899 6:30:00 AM,12/31/1899 9:00:00 PM,closed on statutory holidays,12/31/1899 6:30:00 AM,12/31/1899 9:00:00 PM,closed on statutory holidays,12/31/1899 6:30:00 AM,12/31/1899 9:00:00 PM,closed on statutory holidays,12/31/1899 6:30:00 AM,12/31/1899 6:00:00 PM,closed on staturoty holidays,12/31/1899 8:00:00 AM,12/31/1899 5:00:00 PM,9:00 am-1:00 pm July & August closed on holidays,311,-75.6818161010742,45.3946723937988,OTTAWA,y,n,40
-75.468391418457,45.2299079895019,-8401103,5657789,102100,RECREATION,Metcalfe CC & Larry Robinson Arena,Centre communautaire Metcalfe et Ar‚na Larry-Robinson,2785 8TH LINE RD,"2785, CH. 8TH LINE",Open Year Round/Ouvert toute l?ann‚e,Not Applicable/Non applicable,Not Applicable/Non applicable,12/31/1899 8:00:00 AM,12/31/1899 10:00:00 PM,April-Sept only open when booked,12/31/1899 8:00:00 AM,12/31/1899 10:00:00 PM,April-Sept only open when booked,12/31/1899 8:00:00 AM,12/31/1899 10:00:00 PM,April-Sept only open when booked,12/31/1899 8:00:00 AM,12/31/1899 10:00:00 PM,April-Sept only open when booked,12/31/1899 8:00:00 AM,12/31/1899 10:00:00 PM,April-Sept only open when booked,12/31/1899 8:00:00 AM,12/31/1899 10:00:00 PM,April-Sept only open when booked,12/31/1899 8:00:00 AM,12/31/1899 10:00:00 PM,April-Sept only open when booked,311,-75.468391418457,45.229907989502,OTTAWA,y,n,41
-75.4779739379883,45.4532127380371,-8402170,5693155,102100,RECREATION,Aquaview Community Hall,Salle Communautaire Aquaview,318 AQUAVIEW DR,"318, PROM. AQUAVIEW",Open Year Round/Ouvert toute l?ann‚e,Not Applicable/Non applicable,Not Applicable/Non applicable,Not Applicable/Non applicable,Not Applicable/Non applicable,Not Applicable/Non applicable,12/31/1899 8:30:00 AM,12/31/1899 8:00:00 PM,Not Applicable/Non applicable,12/31/1899 8:30:00 AM,12/31/1899 6:00:00 PM,Not Applicable/Non applicable,12/31/1899 8:30:00 AM,12/31/1899 6:00:00 PM,Not Applicable/Non applicable,12/31/1899 8:30:00 AM,12/31/1899 6:00:00 PM,Not Applicable/Non applicable,12/31/1899 8:30:00 AM,12/31/1899 6:00:00 PM,Not Applicable/Non applicable,Not Applicable/Non applicable,Not Applicable/Non applicable,Not Applicable/Non applicable,311,-75.4779739379883,45.4532127380371,OTTAWA,y,n,42
-75.6896667480469,45.4157524108887,-8425735,5687212,102100,RECREATION,Jack Purcell Community Centre,Centre communautaire Jack-Purcell,320 JACK PURCELL LANE,"320, RLE. JACK PURCELL",Open Year Round/Ouvert toute l?ann‚e,Not Applicable/Non applicable,Not Applicable/Non applicable,12/31/1899 9:00:00 PM,12/31/1899 8:00:00 PM,Not Applicable/Non applicable,12/31/1899 7:30:00 AM,12/31/1899 9:00:00 PM,Not Applicable/Non applicable,12/31/1899 7:30:00 AM,12/31/1899 9:00:00 PM,Not Applicable/Non applicable,12/31/1899 7:30:00 AM,12/31/1899 9:00:00 PM,Not Applicable/Non applicable,12/31/1899 7:30:00 AM,12/31/1899 9:00:00 PM,Not Applicable/Non applicable,12/31/1899 7:30:00 AM,12/31/1899 9:00:00 PM,Not Applicable/Non applicable,12/31/1899 8:30:00 AM,12/31/1899 9:00:00 PM,Not Applicable/Non applicable,311,-75.6896667480469,45.4157524108887,OTTAWA,y,n,43
-75.6867218017578,45.4306602478027,-8425407,5689577,102100,RECREATION,Champagne Bath Pool,Piscine Bain Champagne,321 KING EDWARD AVE,"321, AV. KING EDWARD",Open Year Round/Ouvert toute l?ann‚e,Not Applicable/Non applicable,Not Applicable/Non applicable,12/31/1899 9:00:00 AM,12/31/1899 4:00:00 PM,Not Applicable/Non applicable,12/31/1899 9:00:00 AM,12/31/1899 9:00:00 PM,Not Applicable/Non applicable,12/31/1899 9:00:00 AM,12/31/1899 8:00:00 PM,Not Applicable/Non applicable,12/31/1899 9:00:00 AM,12/31/1899 8:00:00 PM,Not Applicable/Non applicable,12/31/1899 6:30:00 AM,12/31/1899 8:00:00 PM,Not Applicable/Non applicable,12/31/1899 9:00:00 AM,12/31/1899 7:00:00 PM,Not Applicable/Non applicable,12/31/1899 9:00:00 AM,12/31/1899 4:00:00 PM,Not Applicable/Non applicable,311,-75.6867218017578,45.4306602478027,OTTAWA,y,n,44
-75.5975036621094,45.3311882019043,-8415476,5673812,102100,RECREATION,Fred G. Barrett Arena,Ar‚na Fred- G.- Barrett,3280 LEITRIM RD,"3280, CH. LEITRIM",Open Year Round/Ouvert toute l?ann‚e,Not Applicable/Non applicable,Not Applicable/Non applicable,12/31/1899 6:30:00 AM,12/31/1899 10:00:00 PM,Closed May-Sept. unless booked,12/31/1899 6:30:00 AM,12/31/1899 11:00:00 PM,May-Sept closed at 10 pm,12/31/1899 6:30:00 AM,12/31/1899 11:00:00 PM,May-Sept closed at 10 pm,12/31/1899 6:30:00 AM,12/31/1899 11:00:00 PM,May-Sept closed at 10 pm,12/31/1899 6:30:00 AM,12/31/1899 11:00:00 PM,May-Sept closed at 10 pm,12/31/1899 6:30:00 AM,12/31/1899 11:00:00 PM,May-Sept closed at 10 pm,12/31/1899 6:30:00 AM,12/31/1899 10:00:00 PM,Closed May-Sept unless booked,311,-75.5975036621094,45.3311882019043,OTTAWA,y,n,45
-75.6568069458008,45.4255294799805,-8422077,5688763,102100,RECREATION,Overbrook Community Centre,Centre Communautaire Overbrook,33 QUILL ST,"33, RUE QUILL",Open Year Round/Ouvert toute l?ann‚e,Not Applicable/Non applicable,Not Applicable/Non applicable,12/31/1899 9:00:00 AM,12/31/1899 7:00:00 PM,Not Applicable/Non applicable,12/31/1899 9:00:00 AM,12/31/1899 10:00:00 PM,Not Applicable/Non applicable,12/31/1899 9:00:00 AM,12/31/1899 10:00:00 PM,Not Applicable/Non applicable,12/31/1899 9:00:00 AM,12/31/1899 10:00:00 PM,Not Applicable/Non applicable,12/31/1899 9:00:00 AM,12/31/1899 10:00:00 PM,Not Applicable/Non applicable,12/31/1899 9:00:00 AM,12/31/1899 10:00:00 AM,Not Applicable/Non applicable,12/31/1899 9:00:00 AM,12/31/1899 8:00:00 PM,Not Applicable/Non applicable,311,-75.6568069458008,45.4255294799805,OTTAWA,y,n,46
-75.6728134155273,45.3521499633789,-8423859,5677131,102100,RECREATION,Hunt Club Riverside CC,Centre communautaire Hunt Club Riverside,3320 PAUL ANKA DR,"3320, PROM. PAUL ANKA",Open Year Round/Ouvert toute l?ann‚e,Not Applicable/Non applicable,Not Applicable/Non applicable,12/31/1899 8:30:00 AM,12/31/1899 5:00:00 PM,Not Applicable/Non applicable,12/31/1899 7:00:00 AM,12/31/1899 9:00:00 PM,Not Applicable/Non applicable,12/31/1899 7:00:00 AM,12/31/1899 9:00:00 PM,Not Applicable/Non applicable,12/31/1899 7:00:00 AM,12/31/1899 9:00:00 PM,Not Applicable/Non applicable,12/31/1899 7:00:00 AM,12/31/1899 9:00:00 PM,Not Applicable/Non applicable,12/31/1899 7:00:00 AM,12/31/1899 9:00:00 PM,Not Applicable/Non applicable,12/31/1899 8:30:00 AM,12/31/1899 5:00:00 PM,Not Applicable/Non applicable,311,-75.6728134155273,45.3521499633789,OTTAWA,y,n,47
-75.6363372802734,45.3497276306152,-8419798,5676748,102100,RECREATION,Sawmill Creek Pool and Community Centre,Piscine et centre communautaire Sawmill Creek,3380 D'AOUST AVE,"3380, AV. D'AOUST",Open Year Round/Ouvert toute l?ann‚e,Not Applicable/Non applicable,Not Applicable/Non applicable,12/31/1899 8:30:00 AM,12/31/1899 3:00:00 PM,Not Applicable/Non applicable,12/31/1899 8:00:00 AM,12/31/1899 8:30:00 PM,Not Applicable/Non applicable,12/31/1899 7:00:00 AM,12/31/1899 9:00:00 PM,Not Applicable/Non applicable,12/31/1899 8:00:00 AM,12/31/1899 8:30:00 PM,Not Applicable/Non applicable,12/31/1899 7:00:00 AM,12/31/1899 9:00:00 PM,Not Applicable/Non applicable,12/31/1899 8:00:00 AM,12/31/1899 8:30:00 PM,Not Applicable/Non applicable,12/31/1899 8:30:00 AM,12/31/1899 3:00:00 PM,Not Applicable/Non applicable,311,-75.6363372802734,45.3497276306152,OTTAWA,y,n,48
-75.8219757080078,45.3285636901855,-8440464,5673396,102100,ARTS AND CULTURE,Creative Arts Centre,Centre des Arts Cr‚atifs,35 STAFFORD RD,"35, CH. STAFFORD",Open Year Round/Ouvert toute l?ann‚e,Not Applicable/Non applicable,Not Applicable/Non applicable,Special Hours/Heures de fonctionnement sp‚cial,Special Hours/Heures de fonctionnement sp‚cial,hrs vary closed in summer,12/31/1899 8:30:00 AM,12/31/1899 4:30:00 AM,evening hours vary,12/31/1899 8:30:00 AM,12/31/1899 4:30:00 AM,evening hrs vary,12/31/1899 8:30:00 AM,12/31/1899 4:30:00 AM,evening hrs vary,12/31/1899 8:30:00 PM,12/31/1899 4:30:00 PM,evening hrs vary,12/31/1899 8:30:00 PM,12/31/1899 4:30:00 AM,evening hrs vary,Special Hours/Heures de fonctionnement sp‚cial,Special Hours/Heures de fonctionnement sp‚cial,hrs vary closed in summer,311,-75.8219757080078,45.3285636901855,OTTAWA,y,n,49
-75.6356048583984,45.3634605407715,-8419717,5678923,102100,RECREATION,Greenboro CC,Centre communautaire Greenboro,363 LORRY GREENBERG DR,"363, PROM. LORRY GREENBERG",Open Year Round/Ouvert toute l?ann‚e,Not Applicable/Non applicable,Not Applicable/Non applicable,12/31/1899 8:00:00 AM,12/31/1899 8:00:00 PM,Not Applicable/Non applicable,12/31/1899 8:00:00 AM,12/31/1899 9:00:00 PM,Not Applicable/Non applicable,12/31/1899 8:00:00 AM,12/31/1899 9:00:00 PM,Not Applicable/Non applicable,12/31/1899 8:00:00 AM,12/31/1899 9:00:00 PM,Not Applicable/Non applicable,12/31/1899 8:00:00 AM,12/31/1899 9:00:00 PM,Not Applicable/Non applicable,12/31/1899 8:00:00 AM,12/31/1899 9:00:00 PM,Not Applicable/Non applicable,12/31/1899 8:00:00 AM,12/31/1899 8:00:00 PM,Not Applicable/Non applicable,311,-75.6356048583984,45.3634605407715,OTTAWA,y,n,50
-75.4939422607422,45.4314193725586,-8403947,5689698,102100,RECREATION,Notre Dame Des Champs Community Centre,Centre communautaire Notre-Dame-des-Champs,3659 NAVAN RD,"3659, CH. NAVAN",Open Seasonally/Ouvert en saison,June/juin,August/ao–t,12/31/1899 10:00:00 AM,12/31/1899 4:00:00 PM,Not Applicable/Non applicable,Not Applicable/Non applicable,Not Applicable/Non applicable,Not Applicable/Non applicable,Not Applicable/Non applicable,Not Applicable/Non applicable,Not Applicable/Non applicable,Not Applicable/Non applicable,Not Applicable/Non applicable,Not Applicable/Non applicable,Not Applicable/Non applicable,Not Applicable/Non applicable,Not Applicable/Non applicable,Not Applicable/Non applicable,Not Applicable/Non applicable,Not Applicable/Non applicable,12/31/1899 10:00:00 AM,12/31/1899 4:00:00 PM,Not Applicable/Non applicable,311,-75.4939422607422,45.4314193725586,OTTAWA,y,n,51
-76.0391006469727,45.3491592407226,-8464634,5676658,102100,RECREATION,Erskine Johnson Arena & CC,Ar‚na et centre communautaire W.-Erskine-Johnson,3832 CARP RD,"3832, CH. CARP",Open Seasonally/Ouvert en saison,October/octobre,March/mars,12/31/1899 7:00:00 AM,12/31/1899 11:00:00 AM,Not Applicable/Non applicable,12/31/1899 9:30:00 AM,12/31/1899 11:00:00 PM,Not Applicable/Non applicable,12/31/1899 9:30:00 AM,12/31/1899 11:00:00 PM,Not Applicable/Non applicable,12/31/1899 9:30:00 AM,12/31/1899 11:00:00 PM,Not Applicable/Non applicable,12/31/1899 9:30:00 AM,12/31/1899 11:00:00 PM,Not Applicable/Non applicable,12/31/1899 9:30:00 AM,12/31/1899 11:00:00 PM,Not Applicable/Non applicable,12/31/1899 7:00:00 AM,12/31/1899 11:00:00 AM,Not Applicable/Non applicable,311,-76.0391006469727,45.3491592407227,OTTAWA,y,n,52
-75.9294586181641,45.3401908874512,-8452429,5675237,102100,RECREATION,Richcraft Recreation Complex,Complexe r‚cr‚atif Richcraft,4101 INNOVATION DR,"4101, PROM. INNOVATION",Open Year Round/Ouvert toute l?ann‚e,Not Applicable/Non applicable,Not Applicable/Non applicable,12/31/1899 7:00:00 AM,12/31/1899 9:00:00 PM,Not Applicable/Non applicable,12/31/1899 6:00:00 AM,12/31/1899 10:00:00 PM,Not Applicable/Non applicable,12/31/1899 6:00:00 AM,12/31/1899 10:00:00 PM,Not Applicable/Non applicable,12/31/1899 6:00:00 AM,12/31/1899 10:00:00 PM,Not Applicable/Non applicable,12/31/1899 6:00:00 AM,12/31/1899 10:00:00 PM,Not Applicable/Non applicable,12/31/1899 6:00:00 AM,12/31/1899 10:00:00 PM,Not Applicable/Non applicable,12/31/1899 7:00:00 AM,12/31/1899 9:00:00 PM,Not Applicable/Non applicable,311,-75.9294586181641,45.3401908874512,OTTAWA,y,n,53
-75.7528991699219,45.383430480957,-8432774,5682088,102100,RECREATION,Dovercourt Recreation Complex,Centre r‚cr‚atif Dovercourt,411 DOVERCOURT AVE,"411, AV. DOVERCOURT",Open Year Round/Ouvert toute l?ann‚e,Not Applicable/Non applicable,Not Applicable/Non applicable,12/31/1899 6:30:00 AM,12/31/1899 8:30:00 PM,Not Applicable/Non applicable,12/31/1899 6:30:00 AM,12/31/1899 10:00:00 PM,Not Applicable/Non applicable,12/31/1899 6:30:00 AM,12/31/1899 10:00:00 PM,Not Applicable/Non applicable,12/31/1899 6:30:00 AM,12/31/1899 10:00:00 PM,Not Applicable/Non applicable,12/31/1899 6:30:00 AM,12/31/1899 10:00:00 PM,Not Applicable/Non applicable,12/31/1899 6:30:00 AM,12/31/1899 9:00:00 PM,Not Applicable/Non applicable,12/31/1899 6:30:00 AM,12/31/1899 9:30:00 PM,Not Applicable/Non applicable,311,-75.7528991699219,45.383430480957,OTTAWA,y,n,54
-75.6874008178711,45.2773742675781,-8425483,5665295,102100,RECREATION,Rideauview Community Centre,Centre communautaire Rideauview,4310 SHORELINE DR,"4310, PROM. SHORELINE",Open Year Round/Ouvert toute l?ann‚e,Not Applicable/Non applicable,Not Applicable/Non applicable,Closed,Closed,Not Applicable/Non applicable,12/31/1899 9:00:00 AM,12/31/1899 6:00:00 PM,Not Applicable/Non applicable,12/31/1899 9:00:00 AM,12/31/1899 6:00:00 PM,Not Applicable/Non applicable,12/31/1899 9:00:00 AM,12/31/1899 6:00:00 PM,Not Applicable/Non applicable,12/31/1899 9:00:00 AM,12/31/1899 6:00:00 PM,Not Applicable/Non applicable,12/31/1899 9:00:00 AM,12/31/1899 6:00:00 PM,Not Applicable/Non applicable,Closed,Closed,Not Applicable/Non applicable,311,-75.6874008178711,45.2773742675781,OTTAWA,y,n,55
-75.647819519043,45.4363021850586,-8421077,5690472,102100,RECREATION,St. Laurent Complex/Don Gamble Community Centre,Complexe St. Laurent - Centre communautaire Don Gamble,525 COTE ST,"525, RUE C“t‚",Open Year Round/Ouvert toute l?ann‚e,Not Applicable/Non applicable,Not Applicable/Non applicable,12/31/1899 7:00:00 AM,12/31/1899 8:00:00 PM,Not Applicable/Non applicable,12/31/1899 6:00:00 AM,12/31/1899 10:00:00 PM,Not Applicable/Non applicable,12/31/1899 6:00:00 AM,12/31/1899 10:00:00 PM,Not Applicable/Non applicable,12/31/1899 6:00:00 AM,12/31/1899 10:00:00 PM,Not Applicable/Non applicable,12/31/1899 6:00:00 AM,12/31/1899 10:00:00 PM,Not Applicable/Non applicable,12/31/1899 6:00:00 AM,12/31/1899 10:00:00 PM,Not Applicable/Non applicable,12/31/1899 7:00:00 AM,12/31/1899 8:00:00 PM,Not Applicable/Non applicable,311,-75.647819519043,45.4363021850586,OTTAWA,y,n,56
-75.6866073608398,45.2219009399414,-8425395,5656523,102100,RECREATION,Manotick Arena,Ar‚na de Manotick,5572 DOCTOR LEACH DR,"5572, PROM. DOCTOR LEACH",Open Year Round/Ouvert toute l?ann‚e,Not Applicable/Non applicable,Not Applicable/Non applicable,12/31/1899 8:00:00 AM,12/31/1899 10:00:00 PM,April-Sept open when booked,12/31/1899 8:00:00 AM,12/31/1899 10:00:00 PM,April-Sept open when booked,12/31/1899 8:00:00 AM,12/31/1899 10:00:00 PM,April-Sept open when booked,12/31/1899 8:00:00 AM,12/31/1899 10:00:00 PM,April-Sept open when booked,12/31/1899 8:00:00 AM,12/31/1899 10:00:00 PM,April-Sept open when booked,12/31/1899 8:00:00 AM,12/31/1899 10:00:00 PM,April-Sept open when booked,12/31/1899 8:00:00 AM,12/31/1899 10:00:00 PM,April-Sept open when booked,311,-75.6866073608398,45.2219009399414,OTTAWA,y,n,57
-75.8379440307617,45.1958427429199,-8442241,5652406,102100,RECREATION,Richmond Arena & CC,Centre communautaire et Ar‚na Richmond,6095 PERTH ST,"6095, RUE PERTH",Open Year Round/Ouvert toute l?ann‚e,Not Applicable/Non applicable,Not Applicable/Non applicable,12/31/1899 6:00:00 AM,12/31/1899 11:30:00 PM,Not Applicable/Non applicable,12/31/1899 6:00:00 AM,12/31/1899 10:00:00 PM,Not Applicable/Non applicable,12/31/1899 6:00:00 AM,12/31/1899 10:00:00 PM,Not Applicable/Non applicable,12/31/1899 6:00:00 AM,12/31/1899 10:00:00 PM,Not Applicable/Non applicable,12/31/1899 6:00:00 AM,12/31/1899 10:00:00 PM,Not Applicable/Non applicable,12/31/1899 6:00:00 AM,12/31/1899 10:00:00 PM,Not Applicable/Non applicable,12/31/1899 6:00:00 AM,12/31/1899 11:30:00 PM,Not Applicable/Non applicable,311,-75.8379440307617,45.1958427429199,OTTAWA,y,n,58
-75.6798858642578,45.4129943847656,-8424646,5686775,102100,RECREATION,Ottawa East Community Centre,Centre communautaire d'Ottawa-Est,61 MAIN ST,"61, RUE MAIN",Open Seasonally/Ouvert en saison,September/septembre,June/juin,12/31/1899 9:30:00 AM,12/31/1899 12:30:00 PM,Not Applicable/Non applicable,12/31/1899 1:00:00 PM,12/31/1899 8:30:00 PM,Not Applicable/Non applicable,12/31/1899 1:00:00 PM,12/31/1899 8:30:00 PM,Not Applicable/Non applicable,12/31/1899 1:00:00 PM,12/31/1899 8:30:00 PM,Not Applicable/Non applicable,12/31/1899 1:00:00 PM,12/31/1899 8:30:00 PM,Not Applicable/Non applicable,12/31/1899 1:00:00 PM,12/31/1899 5:00:00 PM,Not Applicable/Non applicable,Special Hours/Heures de fonctionnement sp‚cial,Special Hours/Heures de fonctionnement sp‚cial,closed,311,-75.6798858642578,45.4129943847656,OTTAWA,y,n,59
-75.8576965332031,45.2906265258789,-8444440,5667391,102100,RECREATION,Eva James Community Centre,Centre communautaire Eva-James,65 STONEHAVEN DR,"65, PROM. STONEHAVEN",Open Year Round/Ouvert toute l?ann‚e,Not Applicable/Non applicable,Not Applicable/Non applicable,12/31/1899 9:00:00 AM,12/31/1899 7:00:00 PM,July and August Closed,12/31/1899 9:00:00 AM,12/31/1899 9:00:00 PM,July and August 8AM-5PM,12/31/1899 9:00:00 AM,12/31/1899 9:00:00 PM,July and August 8AM-5PM,12/31/1899 9:00:00 AM,12/31/1899 9:00:00 PM,July and August 8AM-5PM,12/31/1899 9:00:00 AM,12/31/1899 9:00:00 PM,July and August 8AM-5PM,12/31/1899 9:00:00 AM,12/31/1899 9:00:00 PM,July and August 8AM-5PM,12/31/1899 9:00:00 AM,12/31/1899 5:00:00 PM,July and August Closed,311,-75.8576965332031,45.2906265258789,OTTAWA,y,n,60
-75.6197509765625,45.4286422729492,-8417952,5689257,102100,RECREATION,Cyrville CC,Centre communautaire Cyrville,4355 HALMONT DR,"4355, PROM. HALMONT",Open Year Round/Ouvert toute l?ann‚e,Not Applicable/Non applicable,Not Applicable/Non applicable,12/31/1899 9:00:00 AM,12/31/1899 1:00:00 PM,Not Applicable/Non applicable,12/31/1899 9:00:00 AM,12/31/1899 9:00:00 PM,Not Applicable/Non applicable,12/31/1899 9:00:00 AM,12/31/1899 8:00:00 PM,Not Applicable/Non applicable,12/31/1899 9:00:00 AM,12/31/1899 9:00:00 PM,Not Applicable/Non applicable,12/31/1899 9:00:00 AM,12/31/1899 9:00:00 PM,Not Applicable/Non applicable,12/31/1899 9:00:00 AM,12/31/1899 9:00:00 PM,Not Applicable/Non applicable,12/31/1899 9:00:00 AM,12/31/1899 1:00:00 PM,Not Applicable/Non applicable,311,-75.6197509765625,45.4286422729492,OTTAWA,y,n,61
-75.8992919921875,45.3114204406738,-8449071,5670682,102100,RECREATION,Kanata Leisure & Wave Pool Cntr,Centre des loisirs et piscine … vagues de Kanata,70 AIRD PL,"70, PLACE AIRD",Open Year Round/Ouvert toute l?ann‚e,Not Applicable/Non applicable,Not Applicable/Non applicable,12/31/1899 7:00:00 AM,12/31/1899 7:30:00 PM,Modified holiday hours may occur during the year,12/31/1899 6:30:00 AM,12/31/1899 9:30:00 PM,Modified holiday hours may occur during the year,12/31/1899 6:30:00 AM,12/31/1899 9:30:00 PM,Modified holiday hours may occur during the year,12/31/1899 6:30:00 AM,12/31/1899 9:30:00 PM,Modified holiday hours may occur during the year,12/31/1899 6:30:00 AM,12/31/1899 9:30:00 PM,Modified holiday hours may occur during the year,12/31/1899 6:30:00 AM,12/31/1899 9:30:00 PM,Modified holiday hours may occur during the year,12/31/1899 7:00:00 AM,12/31/1899 8:30:00 PM,Modified holiday hours may occur during the year,311,-75.8992919921875,45.3114204406738,OTTAWA,y,n,62
-75.7090148925781,45.4105758666992,-8427889,5686391,102100,RECREATION,Dalhousie Community Centre,Centre communautaire Dalhousie,755 SOMERSET ST    W,"755, RUE SOMERSET O.",Open Year Round/Ouvert toute l?ann‚e,Not Applicable/Non applicable,Not Applicable/Non applicable,Closed,Closed,Not Applicable/Non applicable,12/31/1899 8:00:00 AM,12/31/1899 9:00:00 PM,closed last 2 weeks in Dec,12/31/1899 8:00:00 AM,12/31/1899 9:00:00 PM,closed last 2 weeks in Dec,12/31/1899 8:00:00 AM,12/31/1899 9:00:00 PM,closed last 2 weeks in Dec,12/31/1899 8:00:00 AM,12/31/1899 9:00:00 PM,closed last 2 weeks in Dec,12/31/1899 8:00:00 AM,12/31/1899 4:00:00 PM,closed last 2 weeks in Dec,Closed,Closed,Not Applicable/Non applicable,311,-75.7090148925781,45.4105758666992,OTTAWA,y,n,63
-75.7142944335938,45.4079971313476,-8428476,5685983,102100,RECREATION,Plant Bath Recreation Centre,Centre r‚cr‚atif Plant,930 SOMERSET ST    W,"930, RUE SOMERSET O.",Open Year Round/Ouvert toute l?ann‚e,Not Applicable/Non applicable,Not Applicable/Non applicable,12/31/1899 8:00:00 AM,12/31/1899 6:00:00 PM,Not Applicable/Non applicable,12/31/1899 7:00:00 AM,12/31/1899 9:30:00 PM,Not Applicable/Non applicable,12/31/1899 7:00:00 AM,12/31/1899 9:30:00 PM,Not Applicable/Non applicable,12/31/1899 7:00:00 AM,12/31/1899 9:30:00 PM,Not Applicable/Non applicable,12/31/1899 7:00:00 AM,12/31/1899 9:30:00 PM,Not Applicable/Non applicable,12/31/1899 7:00:00 AM,12/31/1899 9:30:00 PM,Not Applicable/Non applicable,12/31/1899 8:00:00 AM,12/31/1899 6:00:00 PM,Not Applicable/Non applicable,311,-75.7142944335938,45.4079971313477,OTTAWA,y,n,64
-75.7314224243164,45.3805274963379,-8430383,5681628,102100,RECREATION,Alexander CC,Centre Communautaire Alexander,960 SILVER ST,"960, RUE SILVER",Open Year Round/Ouvert toute l?ann‚e,Not Applicable/Non applicable,Not Applicable/Non applicable,Closed,Closed,Not Applicable/Non applicable,12/31/1899 10:00:00 AM,12/31/1899 9:00:00 PM,Not Applicable/Non applicable,12/31/1899 10:00:00 AM,12/31/1899 9:00:00 PM,Not Applicable/Non applicable,12/31/1899 9:00:00 AM,12/31/1899 9:30:00 PM,Not Applicable/Non applicable,12/31/1899 10:00:00 AM,12/31/1899 9:00:00 PM,Not Applicable/Non applicable,12/31/1899 10:00:00 AM,12/31/1899 8:00:00 PM,Not Applicable/Non applicable,12/31/1899 9:00:00 AM,12/31/1899 5:00:00 PM,Not Applicable/Non applicable,311,-75.7314224243164,45.3805274963379,OTTAWA,y,n,65
-75.4614868164063,45.4709587097168,-8400334,5695971,102100,RECREATION,South Fallingbrook Community Centre,Centre Communautaire South Fallingbrook,998 Valin,998 Valin,Open Year Round/Ouvert toute l?ann‚e,Not Applicable/Non applicable,Not Applicable/Non applicable,12/31/1899 8:30:00 AM,12/31/1899 5:00:00 PM,Not Applicable/Non applicable,12/31/1899 8:00:00 AM,12/31/1899 10:00:00 PM,Not Applicable/Non applicable,12/31/1899 8:00:00 AM,12/31/1899 10:00:00 PM,Not Applicable/Non applicable,12/31/1899 8:00:00 AM,12/31/1899 10:00:00 PM,Not Applicable/Non applicable,12/31/1899 8:00:00 AM,12/31/1899 10:00:00 PM,Not Applicable/Non applicable,12/31/1899 8:00:00 AM,12/31/1899 8:00:00 PM,Not Applicable/Non applicable,12/31/1899 9:00:00 AM,12/31/1899 2:00:00 PM,Not Applicable/Non applicable,311,-75.4614868164063,45.4709587097168,OTTAWA,y,n,66
-75.7639541625977,45.3457336425781,-8434005,5676115,102100,CIVIC ADMINISTRATION,Mary Pitt Centre,Centre Mary-Pitt,100 CONSTELLATION DR,100 PROM CONSTELLATION,Open Year Round/Ouvert toute l?ann‚e,Not Applicable/Non applicable,Not Applicable/Non applicable,Closed,Closed,Not Applicable/Non applicable,12/31/1899 7:30:00 AM,12/31/1899 4:30:00 PM,Not Applicable/Non applicable,12/31/1899 7:30:00 AM,12/31/1899 4:30:00 PM,Not Applicable/Non applicable,12/31/1899 7:30:00 AM,12/31/1899 4:30:00 PM,Not Applicable/Non applicable,12/31/1899 7:30:00 AM,12/31/1899 4:30:00 PM,Not Applicable/Non applicable,12/31/1899 7:30:00 AM,12/31/1899 4:30:00 PM,Not Applicable/Non applicable,Closed,Closed,Not Applicable/Non applicable,311,-75.7639541625977,45.3457336425781,OTTAWA,y,n,67
-75.7629547119141,45.3444862365723,-8433894,5675918,102100,CIVIC ADMINISTRATION,Ben Franklin Place,Place-Ben-Franklin,101 CENTREPOINTE DR,101 PROM. CENTREPOINTE,Open Year Round/Ouvert toute l?ann‚e,Not Applicable/Non applicable,Not Applicable/Non applicable,12/31/1899 7:00:00 AM,12/31/1899 11:00:00 PM,Not Applicable/Non applicable,12/31/1899 7:00:00 AM,12/31/1899 11:00:00 PM,Not Applicable/Non applicable,12/31/1899 7:00:00 AM,12/31/1899 11:00:00 PM,Not Applicable/Non applicable,12/31/1899 7:00:00 AM,12/31/1899 11:00:00 PM,Not Applicable/Non applicable,12/31/1899 7:00:00 AM,12/31/1899 11:00:00 PM,Not Applicable/Non applicable,12/31/1899 7:00:00 AM,12/31/1899 11:00:00 PM,Not Applicable/Non applicable,12/31/1899 7:00:00 AM,12/31/1899 11:00:00 PM,Not Applicable/Non applicable,311,-75.7629547119141,45.3444862365723,OTTAWA,y,n,68
-75.6898727416992,45.4209594726563,-8425758,5688038,102100,CIVIC ADMINISTRATION,Ottawa City Hall - 110 Laurier Avenue West,"H“tel de ville d'Ottawa - 110, avenue Laurier Ouest",110 LAURIER AVE W,110 AV. LAURIER O.,Open Year Round/Ouvert toute l?ann‚e,Not Applicable/Non applicable,Not Applicable/Non applicable,12/31/1899 7:00:00 AM,12/31/1899 11:00:00 PM,Not Applicable/Non applicable,12/31/1899 7:00:00 AM,12/31/1899 11:00:00 PM,Not Applicable/Non applicable,12/31/1899 7:00:00 AM,12/31/1899 11:00:00 PM,Not Applicable/Non applicable,12/31/1899 7:00:00 AM,12/31/1899 11:00:00 PM,Not Applicable/Non applicable,12/31/1899 7:00:00 AM,12/31/1899 11:00:00 PM,Not Applicable/Non applicable,12/31/1899 7:00:00 AM,12/31/1899 11:00:00 PM,Not Applicable/Non applicable,12/31/1899 7:00:00 AM,12/31/1899 11:00:00 PM,Not Applicable/Non applicable,311,-75.6898727416992,45.4209594726563,OTTAWA,y,n,69
-75.7454681396484,45.3268699645996,-8431947,5673128,102100,RECREATION,Nepean Sportsplex,Le Sportsplex de Nepean,1701 WOODROFFE AVE,"1701, avenue Woodroffe",Open Year Round/Ouvert toute l?ann‚e,Not Applicable/Non applicable,Not Applicable/Non applicable,12/31/1899 8:00:00 AM,12/31/1899 8:00:00 PM,Not Applicable/Non applicable,12/31/1899 6:30:00 AM,12/31/1899 9:00:00 PM,Not Applicable/Non applicable,12/31/1899 8:00:00 AM,12/31/1899 9:00:00 PM,Not Applicable/Non applicable,12/31/1899 6:30:00 AM,12/31/1899 9:00:00 PM,Not Applicable/Non applicable,12/31/1899 8:00:00 AM,12/31/1899 9:00:00 PM,Not Applicable/Non applicable,12/31/1899 6:30:00 AM,12/31/1899 9:00:00 PM,Not Applicable/Non applicable,12/31/1899 8:00:00 AM,12/31/1899 8:00:00 PM,Not Applicable/Non applicable,311,-75.7454681396484,45.3268699645996,OTTAWA,y,n,70
-75.7666015625,45.3844604492188,-8434299,5682251,102100,Park,Byron Linear Tramway Park,Parc Byron Linear Tramway,579 Byron Avenue,"579, AV. Byron",Open Seasonally/Ouvert en saison,May/mai,October/octobre,12/31/1899 5:00:00 AM,12/31/1899 11:00:00 PM,Not Applicable/Non applicable,12/31/1899 5:00:00 AM,12/31/1899 11:00:00 PM,Not Applicable/Non applicable,12/31/1899 5:00:00 AM,12/31/1899 11:00:00 PM,Not Applicable/Non applicable,12/31/1899 5:00:00 AM,12/31/1899 11:00:00 PM,Not Applicable/Non applicable,12/31/1899 5:00:00 AM,12/31/1899 11:00:00 PM,Not Applicable/Non applicable,12/31/1899 5:00:00 AM,12/31/1899 11:00:00 PM,Not Applicable/Non applicable,12/31/1899 5:00:00 AM,12/31/1899 11:00:00 PM,Not Applicable/Non applicable,311,-75.7666015625,45.3844604492188,OTTAWA,n,y,71
-75.6133728027344,45.4245147705078,-8417242,5688602,102100,Park,Cedarcroft Park,Parc Cedarcroft,1200 Cedarcroft Crescent,"1200, Croissant  Cedarcroft",Open Seasonally/Ouvert en saison,May/mai,October/octobre,12/31/1899 5:00:00 AM,12/31/1899 11:00:00 PM,Not Applicable/Non applicable,12/31/1899 5:00:00 AM,12/31/1899 11:00:00 PM,Not Applicable/Non applicable,12/31/1899 5:00:00 AM,12/31/1899 11:00:00 PM,Not Applicable/Non applicable,12/31/1899 5:00:00 AM,12/31/1899 11:00:00 PM,Not Applicable/Non applicable,12/31/1899 5:00:00 AM,12/31/1899 11:00:00 PM,Not Applicable/Non applicable,12/31/1899 5:00:00 AM,12/31/1899 11:00:00 PM,Not Applicable/Non applicable,12/31/1899 5:00:00 AM,12/31/1899 11:00:00 PM,Not Applicable/Non applicable,311,-75.6133728027344,45.4245147705078,OTTAWA,n,y,72
-75.5155792236328,45.4550323486328,-8406356,5693444,102100,Park,Champagne Park,Parc Champagne,1861 Markwell Crescent,1861 Croissant Markwell,Open Seasonally/Ouvert en saison,May/mai,October/octobre,12/31/1899 5:00:00 AM,12/31/1899 11:00:00 PM,Not Applicable/Non applicable,12/31/1899 5:00:00 AM,12/31/1899 11:00:00 PM,Not Applicable/Non applicable,12/31/1899 5:00:00 AM,12/31/1899 11:00:00 PM,Not Applicable/Non applicable,12/31/1899 5:00:00 AM,12/31/1899 11:00:00 PM,Not Applicable/Non applicable,12/31/1899 5:00:00 AM,12/31/1899 11:00:00 PM,Not Applicable/Non applicable,12/31/1899 5:00:00 AM,12/31/1899 11:00:00 PM,Not Applicable/Non applicable,12/31/1899 5:00:00 AM,12/31/1899 11:00:00 PM,Not Applicable/Non applicable,311,-75.5155792236328,45.4550323486328,OTTAWA,n,y,73
-75.5390777587891,45.4506874084473,-8408972,5692754,102100,Park,Chapel Hill Park,Parc Chapel Hill,1556 Forest Valley Drive,"1556, PROM. Forest Valley",Open Seasonally/Ouvert en saison,May/mai,October/octobre,12/31/1899 5:00:00 AM,12/31/1899 11:00:00 PM,Not Applicable/Non applicable,12/31/1899 5:00:00 AM,12/31/1899 11:00:00 PM,Not Applicable/Non applicable,12/31/1899 5:00:00 AM,12/31/1899 11:00:00 PM,Not Applicable/Non applicable,12/31/1899 5:00:00 AM,12/31/1899 11:00:00 PM,Not Applicable/Non applicable,12/31/1899 5:00:00 AM,12/31/1899 11:00:00 PM,Not Applicable/Non applicable,12/31/1899 5:00:00 AM,12/31/1899 11:00:00 PM,Not Applicable/Non applicable,12/31/1899 5:00:00 AM,12/31/1899 11:00:00 PM,Not Applicable/Non applicable,311,-75.5390777587891,45.4506874084473,OTTAWA,n,y,74
-75.6166076660156,45.4283447265625,-8417602,5689209,102100,Park,City Centre Park,Parc City Centre,1800 City Park Drive,"1800, PROM. City Park",Open Seasonally/Ouvert en saison,May/mai,October/octobre,12/31/1899 5:00:00 AM,12/31/1899 11:00:00 PM,Not Applicable/Non applicable,12/31/1899 5:00:00 AM,12/31/1899 11:00:00 PM,Not Applicable/Non applicable,12/31/1899 5:00:00 AM,12/31/1899 11:00:00 PM,Not Applicable/Non applicable,12/31/1899 5:00:00 AM,12/31/1899 11:00:00 PM,Not Applicable/Non applicable,12/31/1899 5:00:00 AM,12/31/1899 11:00:00 PM,Not Applicable/Non applicable,12/31/1899 5:00:00 AM,12/31/1899 11:00:00 PM,Not Applicable/Non applicable,12/31/1899 5:00:00 AM,12/31/1899 11:00:00 PM,Not Applicable/Non applicable,311,-75.6166076660156,45.4283447265625,OTTAWA,n,y,75
-75.7011337280273,45.4129486083984,-8427011,5686768,102100,Park,Dundonald Park,Parc Dundonald,516 Somerset Street West,"516, RUE Somerset",Open Seasonally/Ouvert en saison,May/mai,October/octobre,12/31/1899 5:00:00 AM,12/31/1899 11:00:00 PM,Not Applicable/Non applicable,12/31/1899 5:00:00 AM,12/31/1899 11:00:00 PM,Not Applicable/Non applicable,12/31/1899 5:00:00 AM,12/31/1899 11:00:00 PM,Not Applicable/Non applicable,12/31/1899 5:00:00 AM,12/31/1899 11:00:00 PM,Not Applicable/Non applicable,12/31/1899 5:00:00 AM,12/31/1899 11:00:00 PM,Not Applicable/Non applicable,12/31/1899 5:00:00 AM,12/31/1899 11:00:00 PM,Not Applicable/Non applicable,12/31/1899 5:00:00 AM,12/31/1899 11:00:00 PM,Not Applicable/Non applicable,311,-75.7011337280273,45.4129486083984,OTTAWA,n,y,76
-75.6906280517578,45.275463104248,-8425842,5664992,102100,Park,Four Seasons Park,Parc Four Seasons,4386 SPRATT,"4386, RUE Spratt",Open Seasonally/Ouvert en saison,May/mai,October/octobre,12/31/1899 5:00:00 AM,12/31/1899 11:00:00 PM,Not Applicable/Non applicable,12/31/1899 5:00:00 AM,12/31/1899 11:00:00 PM,Not Applicable/Non applicable,12/31/1899 5:00:00 AM,12/31/1899 11:00:00 PM,Not Applicable/Non applicable,12/31/1899 5:00:00 AM,12/31/1899 11:00:00 PM,Not Applicable/Non applicable,12/31/1899 5:00:00 AM,12/31/1899 11:00:00 PM,Not Applicable/Non applicable,12/31/1899 5:00:00 AM,12/31/1899 11:00:00 PM,Not Applicable/Non applicable,12/31/1899 5:00:00 AM,12/31/1899 11:00:00 PM,Not Applicable/Non applicable,312,-75.6906280517578,45.275463104248,OTTAWA,n,y,77
-75.5361938476563,45.4691772460937,-8408651,5695689,102100,Park,Glen Park,Parc Glen,1766 Grey Nuns Drive,"1766, PROM. Grey Nuns",Open Seasonally/Ouvert en saison,May/mai,October/octobre,12/31/1899 5:00:00 AM,12/31/1899 11:00:00 PM,Not Applicable/Non applicable,12/31/1899 5:00:00 AM,12/31/1899 11:00:00 PM,Not Applicable/Non applicable,12/31/1899 5:00:00 AM,12/31/1899 11:00:00 PM,Not Applicable/Non applicable,12/31/1899 5:00:00 AM,12/31/1899 11:00:00 PM,Not Applicable/Non applicable,12/31/1899 5:00:00 AM,12/31/1899 11:00:00 PM,Not Applicable/Non applicable,12/31/1899 5:00:00 AM,12/31/1899 11:00:00 PM,Not Applicable/Non applicable,12/31/1899 5:00:00 AM,12/31/1899 11:00:00 PM,Not Applicable/Non applicable,313,-75.5361938476563,45.4691772460938,OTTAWA,n,y,78
-75.6893310546875,45.415225982666,-8425698,5687129,102100,Park,Jack Purcell Park,Parc Jack Purcell,320 JACK PURCELL LANE,"320, VOIE Jack Purcell",Open Seasonally/Ouvert en saison,May/mai,October/octobre,12/31/1899 5:00:00 AM,12/31/1899 11:00:00 PM,Not Applicable/Non applicable,12/31/1899 5:00:00 AM,12/31/1899 11:00:00 PM,Not Applicable/Non applicable,12/31/1899 5:00:00 AM,12/31/1899 11:00:00 PM,Not Applicable/Non applicable,12/31/1899 5:00:00 AM,12/31/1899 11:00:00 PM,Not Applicable/Non applicable,12/31/1899 5:00:00 AM,12/31/1899 11:00:00 PM,Not Applicable/Non applicable,12/31/1899 5:00:00 AM,12/31/1899 11:00:00 PM,Not Applicable/Non applicable,12/31/1899 5:00:00 AM,12/31/1899 11:00:00 PM,Not Applicable/Non applicable,311,-75.6893310546875,45.415225982666,OTTAWA,n,y,79
-75.6839218139648,45.4034194946289,-8425095,5685257,102100,Park,Lionel Britton Park,Parc Lionel Britton,19 Fifth Avenue,"19, AV. Fifth",Open Seasonally/Ouvert en saison,May/mai,October/octobre,12/31/1899 5:00:00 AM,12/31/1899 11:00:00 PM,Not Applicable/Non applicable,12/31/1899 5:00:00 AM,12/31/1899 11:00:00 PM,Not Applicable/Non applicable,12/31/1899 5:00:00 AM,12/31/1899 11:00:00 PM,Not Applicable/Non applicable,12/31/1899 5:00:00 AM,12/31/1899 11:00:00 PM,Not Applicable/Non applicable,12/31/1899 5:00:00 AM,12/31/1899 11:00:00 PM,Not Applicable/Non applicable,12/31/1899 5:00:00 AM,12/31/1899 11:00:00 PM,Not Applicable/Non applicable,12/31/1899 5:00:00 AM,12/31/1899 11:00:00 PM,Not Applicable/Non applicable,311,-75.6839218139648,45.4034194946289,OTTAWA,n,y,80
-75.5119857788086,45.4854507446289,-8405956,5698272,102100,Park,Marsha Park,Parc Marsha,855 Lawnsberry Drive,"855, PROM. Lawnsberry",Open Seasonally/Ouvert en saison,May/mai,October/octobre,12/31/1899 5:00:00 AM,12/31/1899 11:00:00 PM,Not Applicable/Non applicable,12/31/1899 5:00:00 AM,12/31/1899 11:00:00 PM,Not Applicable/Non applicable,12/31/1899 5:00:00 AM,12/31/1899 11:00:00 PM,Not Applicable/Non applicable,12/31/1899 5:00:00 AM,12/31/1899 11:00:00 PM,Not Applicable/Non applicable,12/31/1899 5:00:00 AM,12/31/1899 11:00:00 PM,Not Applicable/Non applicable,12/31/1899 5:00:00 AM,12/31/1899 11:00:00 PM,Not Applicable/Non applicable,12/31/1899 5:00:00 AM,12/31/1899 11:00:00 PM,Not Applicable/Non applicable,311,-75.5119857788086,45.4854507446289,OTTAWA,n,y,81
-75.7272109985352,45.4024925231933,-8429914,5685110,102100,Park,McCormick Park,Parc McCormick,294 Carruhers Avenue,"294, AV. Carruthers",Open Seasonally/Ouvert en saison,May/mai,October/octobre,12/31/1899 5:00:00 AM,12/31/1899 11:00:00 PM,Not Applicable/Non applicable,12/31/1899 5:00:00 AM,12/31/1899 11:00:00 PM,Not Applicable/Non applicable,12/31/1899 5:00:00 AM,12/31/1899 11:00:00 PM,Not Applicable/Non applicable,12/31/1899 5:00:00 AM,12/31/1899 11:00:00 PM,Not Applicable/Non applicable,12/31/1899 5:00:00 AM,12/31/1899 11:00:00 PM,Not Applicable/Non applicable,12/31/1899 5:00:00 AM,12/31/1899 11:00:00 PM,Not Applicable/Non applicable,12/31/1899 5:00:00 AM,12/31/1899 11:00:00 PM,Not Applicable/Non applicable,311,-75.7272109985352,45.4024925231934,OTTAWA,n,y,82
-75.7029724121094,45.4089698791504,-8427216,5686137,102100,Park,McNabb Park,Parc McNabb,435 Bronson Avenue,"435, AV. Bronson",Open Seasonally/Ouvert en saison,May/mai,October/octobre,12/31/1899 5:00:00 AM,12/31/1899 11:00:00 PM,Not Applicable/Non applicable,12/31/1899 5:00:00 AM,12/31/1899 11:00:00 PM,Not Applicable/Non applicable,12/31/1899 5:00:00 AM,12/31/1899 11:00:00 PM,Not Applicable/Non applicable,12/31/1899 5:00:00 AM,12/31/1899 11:00:00 PM,Not Applicable/Non applicable,12/31/1899 5:00:00 AM,12/31/1899 11:00:00 PM,Not Applicable/Non applicable,12/31/1899 5:00:00 AM,12/31/1899 11:00:00 PM,Not Applicable/Non applicable,12/31/1899 5:00:00 AM,12/31/1899 11:00:00 PM,Not Applicable/Non applicable,311,-75.7029724121094,45.4089698791504,OTTAWA,n,y,83
-75.718132019043,45.1395721435547,-8428904,5643521,102100,Park,Meadowbrook Park,Parc Meadowbrook,1485 MEADOWBROOK RD,"1485, RUE Meadowbrook",Open Seasonally/Ouvert en saison,May/mai,October/octobre,12/31/1899 5:00:00 AM,12/31/1899 11:00:00 PM,Not Applicable/Non applicable,12/31/1899 5:00:00 AM,12/31/1899 11:00:00 PM,Not Applicable/Non applicable,12/31/1899 5:00:00 AM,12/31/1899 11:00:00 PM,Not Applicable/Non applicable,12/31/1899 5:00:00 AM,12/31/1899 11:00:00 PM,Not Applicable/Non applicable,12/31/1899 5:00:00 AM,12/31/1899 11:00:00 PM,Not Applicable/Non applicable,12/31/1899 5:00:00 AM,12/31/1899 11:00:00 PM,Not Applicable/Non applicable,12/31/1899 5:00:00 AM,12/31/1899 11:00:00 PM,Not Applicable/Non applicable,311,-75.718132019043,45.1395721435547,OTTAWA,n,y,84
-75.6881103515625,45.4167785644531,-8425562,5687375,102100,Park,Minto Park,Parc Minto,315 Elgin Street,"315, RUE Elgin",Open Seasonally/Ouvert en saison,May/mai,October/octobre,12/31/1899 5:00:00 AM,12/31/1899 11:00:00 PM,Not Applicable/Non applicable,12/31/1899 5:00:00 AM,12/31/1899 11:00:00 PM,Not Applicable/Non applicable,12/31/1899 5:00:00 AM,12/31/1899 11:00:00 PM,Not Applicable/Non applicable,12/31/1899 5:00:00 AM,12/31/1899 11:00:00 PM,Not Applicable/Non applicable,12/31/1899 5:00:00 AM,12/31/1899 11:00:00 PM,Not Applicable/Non applicable,12/31/1899 5:00:00 AM,12/31/1899 11:00:00 PM,Not Applicable/Non applicable,12/31/1899 5:00:00 AM,12/31/1899 11:00:00 PM,Not Applicable/Non applicable,311,-75.6881103515625,45.4167785644531,OTTAWA,n,y,85
-75.603889465332,45.4231491088867,-8416187,5688385,102100,Park,Pineview Park,Parc Pineview,1465 Ridgebrook Drive,"1465, PROM. Ridgebrook",Open Seasonally/Ouvert en saison,May/mai,October/octobre,12/31/1899 5:00:00 AM,12/31/1899 11:00:00 PM,Not Applicable/Non applicable,12/31/1899 5:00:00 AM,12/31/1899 11:00:00 PM,Not Applicable/Non applicable,12/31/1899 5:00:00 AM,12/31/1899 11:00:00 PM,Not Applicable/Non applicable,12/31/1899 5:00:00 AM,12/31/1899 11:00:00 PM,Not Applicable/Non applicable,12/31/1899 5:00:00 AM,12/31/1899 11:00:00 PM,Not Applicable/Non applicable,12/31/1899 5:00:00 AM,12/31/1899 11:00:00 PM,Not Applicable/Non applicable,12/31/1899 5:00:00 AM,12/31/1899 11:00:00 PM,Not Applicable/Non applicable,311,-75.603889465332,45.4231491088867,OTTAWA,n,y,86
-75.5300445556641,45.4494476318359,-8407966,5692558,102100,Park,Roy Park,Parc Roy,6210 Meadowglen Drive,"6210, PROM. Meadowglen",Open Seasonally/Ouvert en saison,May/mai,October/octobre,12/31/1899 5:00:00 AM,12/31/1899 11:00:00 PM,Not Applicable/Non applicable,12/31/1899 5:00:00 AM,12/31/1899 11:00:00 PM,Not Applicable/Non applicable,12/31/1899 5:00:00 AM,12/31/1899 11:00:00 PM,Not Applicable/Non applicable,12/31/1899 5:00:00 AM,12/31/1899 11:00:00 PM,Not Applicable/Non applicable,12/31/1899 5:00:00 AM,12/31/1899 11:00:00 PM,Not Applicable/Non applicable,12/31/1899 5:00:00 AM,12/31/1899 11:00:00 PM,Not Applicable/Non applicable,12/31/1899 5:00:00 AM,12/31/1899 11:00:00 PM,Not Applicable/Non applicable,311,-75.5300445556641,45.4494476318359,OTTAWA,n,y,87
-75.6729354858398,45.4280166625977,-8423873,5689158,102100,Park,Strathcona Park,Parc Strathcona,25 Range Road,"25, CH. Range",Open Seasonally/Ouvert en saison,May/mai,October/octobre,12/31/1899 5:00:00 AM,12/31/1899 11:00:00 PM,Not Applicable/Non applicable,12/31/1899 5:00:00 AM,12/31/1899 11:00:00 PM,Not Applicable/Non applicable,12/31/1899 5:00:00 AM,12/31/1899 11:00:00 PM,Not Applicable/Non applicable,12/31/1899 5:00:00 AM,12/31/1899 11:00:00 PM,Not Applicable/Non applicable,12/31/1899 5:00:00 AM,12/31/1899 11:00:00 PM,Not Applicable/Non applicable,12/31/1899 5:00:00 AM,12/31/1899 11:00:00 PM,Not Applicable/Non applicable,12/31/1899 5:00:00 AM,12/31/1899 11:00:00 PM,Not Applicable/Non applicable,311,-75.6729354858398,45.4280166625977,OTTAWA,n,y,88
-75.6823806762695,45.4025344848633,-8424924,5685117,102100,Park,Sylvia Holden Park,Parc Sylvia Holden,641 O'Connor Street,"641,RUE. O'Connor",Open Seasonally/Ouvert en saison,May/mai,October/octobre,12/31/1899 5:00:00 AM,12/31/1899 11:00:00 PM,Not Applicable/Non applicable,12/31/1899 5:00:00 AM,12/31/1899 11:00:00 PM,Not Applicable/Non applicable,12/31/1899 5:00:00 AM,12/31/1899 11:00:00 PM,Not Applicable/Non applicable,12/31/1899 5:00:00 AM,12/31/1899 11:00:00 PM,Not Applicable/Non applicable,12/31/1899 5:00:00 AM,12/31/1899 11:00:00 PM,Not Applicable/Non applicable,12/31/1899 5:00:00 AM,12/31/1899 11:00:00 PM,Not Applicable/Non applicable,12/31/1899 5:00:00 AM,12/31/1899 11:00:00 PM,Not Applicable/Non applicable,311,-75.6823806762695,45.4025344848633,OTTAWA,n,y,89
-75.6273193359375,45.4322547912598,-8418795,5689830,102100,Park,Whiterock Park,Parc Whiterock,1245 Matheson Road,"1245, RUE Matheson",Open Seasonally/Ouvert en saison,May/mai,October/octobre,12/31/1899 5:00:00 AM,12/31/1899 11:00:00 PM,Not Applicable/Non applicable,12/31/1899 5:00:00 AM,12/31/1899 11:00:00 PM,Not Applicable/Non applicable,12/31/1899 5:00:00 AM,12/31/1899 11:00:00 PM,Not Applicable/Non applicable,12/31/1899 5:00:00 AM,12/31/1899 11:00:00 PM,Not Applicable/Non applicable,12/31/1899 5:00:00 AM,12/31/1899 11:00:00 PM,Not Applicable/Non applicable,12/31/1899 5:00:00 AM,12/31/1899 11:00:00 PM,Not Applicable/Non applicable,12/31/1899 5:00:00 AM,12/31/1899 11:00:00 PM,Not Applicable/Non applicable,311,-75.6273193359375,45.4322547912598,OTTAWA,n,y,90
-75.6898803710938,45.3873786926269,-8425759,5682714,102100,Park,Brewer Park,Parc Brewer,100 Brewer Way,"100, voie Brewer",Open Seasonally/Ouvert en saison,May/mai,September/septembre,12/31/1899 5:00:00 AM,12/31/1899 11:00:00 PM,Not Applicable/Non applicable,12/31/1899 5:00:00 AM,12/31/1899 11:00:00 PM,Not Applicable/Non applicable,12/31/1899 5:00:00 AM,12/31/1899 11:00:00 PM,Not Applicable/Non applicable,12/31/1899 5:00:00 AM,12/31/1899 11:00:00 PM,Not Applicable/Non applicable,12/31/1899 5:00:00 AM,12/31/1899 11:00:00 PM,Not Applicable/Non applicable,12/31/1899 5:00:00 AM,12/31/1899 11:00:00 PM,Not Applicable/Non applicable,12/31/1899 5:00:00 AM,12/31/1899 11:00:00 PM,Not Applicable/Non applicable,311,-75.6898803710938,45.387378692627,OTTAWA,n,y,91
